hour,day,share,metric
0,laboral,0.011736040096453685,vacia_segura
0,fin_de_semana,0.005327677410395283,vacia_segura
1,laboral,0.011330783118080017,vacia_segura
1,fin_de_semana,0.0051225239556111045,vacia_segura
2,laboral,0.011287858702925173,vacia_segura
2,fin_de_semana,0.005113055334621066,vacia_segura
3,laboral,0.011286596220126502,vacia_segura
3,fin_de_semana,0.005113055334621066,vacia_segura
4,laboral,0.011277758840535798,vacia_segura
4,fin_de_semana,0.005113055334621066,vacia_segura
5,laboral,0.01141410698279236,vacia_segura
5,fin_de_semana,0.005106742920627706,vacia_segura
6,laboral,0.010430632882626974,vacia_segura
6,fin_de_semana,0.005021525331717356,vacia_segura
7,laboral,0.009520382784784558,vacia_segura
7,fin_de_semana,0.004851090153896653,vacia_segura
8,laboral,0.01058339330126627,vacia_segura
8,fin_de_semana,0.005315052582408565,vacia_segura
9,laboral,0.01088765165574619,vacia_segura
9,fin_de_semana,0.006201946748475552,vacia_segura
10,laboral,0.010863664482571424,vacia_segura
10,fin_de_semana,0.0069720612556653915,vacia_segura
11,laboral,0.010912901311719628,vacia_segura
11,fin_de_semana,0.007925235768662652,vacia_segura
12,laboral,0.0116994280952922,vacia_segura
12,fin_de_semana,0.008499665442058352,vacia_segura
13,laboral,0.012208208663156965,vacia_segura
13,fin_de_semana,0.008749005794796046,vacia_segura
14,laboral,0.012472067568079385,vacia_segura
14,fin_de_semana,0.008206138191367143,vacia_segura
15,laboral,0.01150248077869939,vacia_segura
15,fin_de_semana,0.007495991617114217,vacia_segura
16,laboral,0.010375083639485413,vacia_segura
16,fin_de_semana,0.006817407112828087,vacia_segura
17,laboral,0.011931724930247826,vacia_segura
17,fin_de_semana,0.006385006754282973,vacia_segura
18,laboral,0.014291305280965547,vacia_segura
18,fin_de_semana,0.00593682536075446,vacia_segura
19,laboral,0.013261119317249303,vacia_segura
19,fin_de_semana,0.006009418121678092,vacia_segura
20,laboral,0.011060611799164236,vacia_segura
20,fin_de_semana,0.005693797422010125,vacia_segura
21,laboral,0.010902801449330254,vacia_segura
21,fin_de_semana,0.00573482811296696,vacia_segura
22,laboral,0.011231046976984939,vacia_segura
22,fin_de_semana,0.005513893623199384,vacia_segura
23,laboral,0.011545405193854233,vacia_segura
23,fin_de_semana,0.005520206037192743,vacia_segura
0,laboral,0.12888686891641102,vacia_posible
0,fin_de_semana,0.08892297592445303,vacia_posible
1,laboral,0.12488353596182251,vacia_posible
1,fin_de_semana,0.08467472130692219,vacia_posible
2,laboral,0.12441136739511924,vacia_posible
2,fin_de_semana,0.08428019543233724,vacia_posible
3,laboral,0.12433814339279628,vacia_posible
3,fin_de_semana,0.08421707129240365,vacia_posible
4,laboral,0.12430153139163479,vacia_posible
4,fin_de_semana,0.08414132232448333,vacia_posible
5,laboral,0.12232574581171332,vacia_posible
5,fin_de_semana,0.0838825133507556,vacia_posible
6,laboral,0.09858980671388352,vacia_posible
6,fin_de_semana,0.07807824868386168,vacia_posible
7,laboral,0.08286684593922408,vacia_posible
7,fin_de_semana,0.06652653107601408,vacia_posible
8,laboral,0.09714931384059892,vacia_posible
8,fin_de_semana,0.06300736027471626,vacia_posible
9,laboral,0.11069322930475073,vacia_posible
9,fin_de_semana,0.06682321453370198,vacia_posible
10,laboral,0.10294537236930147,vacia_posible
10,fin_de_semana,0.07307250438712773,vacia_posible
11,laboral,0.09111212109735005,vacia_posible
11,fin_de_semana,0.07666426794934919,vacia_posible
12,laboral,0.08485525634713227,vacia_posible
12,fin_de_semana,0.07969738287315835,vacia_posible
13,laboral,0.08069411304270979,vacia_posible
13,fin_de_semana,0.07707457485891754,vacia_posible
14,laboral,0.07733212134984661,vacia_posible
14,fin_de_semana,0.07276319610145311,vacia_posible
15,laboral,0.07145526392202907,vacia_posible
15,fin_de_semana,0.06990682876945802,vacia_posible
16,laboral,0.0681462965067101,vacia_posible
16,fin_de_semana,0.06741342524208108,vacia_posible
17,laboral,0.08518223939198828,vacia_posible
17,fin_de_semana,0.06520408034440531,vacia_posible
18,laboral,0.11164892878334533,vacia_posible
18,fin_de_semana,0.062044717140728955,vacia_posible
19,laboral,0.11928568723251146,vacia_posible
19,fin_de_semana,0.05981959120806979,vacia_posible
20,laboral,0.11547172669772374,vacia_posible
20,fin_de_semana,0.058279362193690114,vacia_posible
21,laboral,0.12223737201580628,vacia_posible
21,fin_de_semana,0.059219911878700654,vacia_posible
22,laboral,0.12244820664318448,vacia_posible
22,fin_de_semana,0.06095582572687447,vacia_posible
23,laboral,0.1325404941357674,vacia_posible
23,fin_de_semana,0.06447184032117563,vacia_posible
0,laboral,0.01040790819225088,llena_segura
0,fin_de_semana,0.005245616028481612,llena_segura
1,laboral,0.01135477029125478,llena_segura
1,fin_de_semana,0.006514411241146839,llena_segura
2,laboral,0.011421681879584391,llena_segura
2,fin_de_semana,0.006552285725106995,llena_segura
3,laboral,0.011438094155967126,llena_segura
3,fin_de_semana,0.006552285725106995,llena_segura
4,laboral,0.011445669052759157,llena_segura
4,fin_de_semana,0.006552285725106995,llena_segura
5,laboral,0.008579833099774016,llena_segura
5,fin_de_semana,0.005914731911777702,llena_segura
6,laboral,0.0027698872602860787,llena_segura
6,fin_de_semana,0.004014695299776541,llena_segura
7,laboral,0.0010857352068578065,llena_segura
7,fin_de_semana,0.002076784203815223,llena_segura
8,laboral,0.0014581676324660077,llena_segura
8,fin_de_semana,0.0013666376295622972,llena_segura
9,laboral,0.005876857427817546,llena_segura
9,fin_de_semana,0.0012908886616419851,llena_segura
10,laboral,0.008993927457738388,llena_segura
10,fin_de_semana,0.001944223509954677,llena_segura
11,laboral,0.009240111603479402,llena_segura
11,fin_de_semana,0.0030078652678357256,llena_segura
12,laboral,0.008212450605360503,llena_segura
12,fin_de_semana,0.0038221666729790806,llena_segura
13,laboral,0.006346501028923481,llena_segura
13,fin_de_semana,0.004358721862414624,llena_segura
14,laboral,0.00496029491598177,llena_segura
14,fin_de_semana,0.0052329912004948935,llena_segura
15,laboral,0.00315620699667967,llena_segura
15,fin_de_semana,0.004503907384261889,llena_segura
16,laboral,0.002228282139655847,llena_segura
16,fin_de_semana,0.003705387014101933,llena_segura
17,laboral,0.0017460137105631936,llena_segura
17,fin_de_semana,0.0029131790579353355,llena_segura
18,laboral,0.0015869408779305382,llena_segura
18,fin_de_semana,0.0025218093903470566,llena_segura
19,laboral,0.00250729083816233,llena_segura
19,fin_de_semana,0.002575464909290611,llena_segura
20,laboral,0.003735686601270058,llena_segura
20,fin_de_semana,0.002534434218333775,llena_segura
21,laboral,0.005140829956191847,llena_segura
21,fin_de_semana,0.0023261245565529168,llena_segura
22,laboral,0.0072428638159805075,llena_segura
22,fin_de_semana,0.0027900869850648285,llena_segura
23,laboral,0.009372672297339948,llena_segura
23,fin_de_semana,0.003168831824666389,llena_segura
0,laboral,0.1341690969460541,llena_posible
0,fin_de_semana,0.10056937974220101,llena_posible
1,laboral,0.13827342852453636,llena_posible
1,fin_de_semana,0.10604539888144024,llena_posible
2,laboral,0.1384905755659079,llena_posible
2,fin_de_semana,0.10631367647615801,llena_posible
3,laboral,0.13854359984345213,llena_posible
3,fin_de_semana,0.10635155096011817,llena_posible
4,laboral,0.13860672398338572,llena_posible
4,fin_de_semana,0.1063610195811082,llena_posible
5,laboral,0.13095481574063553,llena_posible
5,fin_de_semana,0.10424320468633615,llena_posible
6,laboral,0.10053529270663687,llena_posible
6,fin_de_semana,0.0972174879117272,llena_posible
7,laboral,0.07212437980532516,llena_posible
7,fin_de_semana,0.08528386925728138,llena_posible
8,laboral,0.07689403981870747,llena_posible
8,fin_de_semana,0.07360274716256991,llena_posible
9,laboral,0.11833377520231286,llena_posible
9,fin_de_semana,0.06671590349581487,llena_posible
10,laboral,0.13558812761176128,llena_posible
10,fin_de_semana,0.06516620586044515,llena_posible
11,laboral,0.13471827696347638,llena_posible
11,fin_de_semana,0.06690527591561565,llena_posible
12,laboral,0.12888560643361235,llena_posible
12,fin_de_semana,0.07062644396470098,llena_posible
13,laboral,0.1184625484477774,llena_posible
13,fin_de_semana,0.07469795099041776,llena_posible
14,laboral,0.10209824641139265,llena_posible
14,fin_de_semana,0.08158479465717279,llena_posible
15,laboral,0.08915401027660998,llena_posible
15,fin_de_semana,0.08679253620169425,llena_posible
16,laboral,0.08423158984458837,llena_posible
16,fin_de_semana,0.08822545417818682,llena_posible
17,laboral,0.0743210998750142,llena_posible
17,fin_de_semana,0.08695350275852491,llena_posible
18,laboral,0.06488277847214331,llena_posible
18,fin_de_semana,0.08471259579088235,llena_posible
19,laboral,0.07248292492014796,llena_posible
19,fin_de_semana,0.08391091921372572,llena_posible
20,laboral,0.08464947165094876,llena_posible
20,fin_de_semana,0.08446641164514133,llena_posible
21,laboral,0.09650544761327627,llena_posible
21,fin_de_semana,0.08559948995694934,llena_posible
22,laboral,0.11074625358229494,llena_posible
22,fin_de_semana,0.08900819351336338,llena_posible
23,laboral,0.1253910540468886,llena_posible
23,fin_de_semana,0.09301342019214988,llena_posible
