code,pob_500,pob_1000,empleo_300,negocios_300,empleo_500,negocios_500,comercio_500,alimentos_500,educacion_500,oficinas_500,dist_metro,dist_metrobus,dist_tren,dist_trole,rutas_bus_300,ciclovia_m_300,ciclovia_m_500,name,lat,lon,x,y,estaciones_500,dist_vecina,dem24,dem25,dist_sistema_anterior,tipo,pred_gbm,pred_vecinos,pred_heur,pred_azar
631,22483.0,55088.0,1915,212,4786,627,202,74,19,35,867.2380712088703,1183.8122447715873,3359.143746590418,24.37558568498563,2,1625.0,3125.0,CE-631 Miguel Laurent - Eje Central,19.372907,-99.149207,83.26464020237024,-2995.7813819996845,4,310.10313181735313,71.74193548387096,52.903225806451616,823.4441748793568,ubicacion_nueva,33.8242263538482,34.593548387096774,128.0,0.6369616873214543
510,11185.0,34609.0,2279,220,5847,766,267,168,12,57,638.2253017771793,3133.093875927923,3109.959491886656,81.03140093795682,38,200.0,375.0,CE-510 Egipto - Calle Norte 79 A,19.462152,-99.178291,-2970.542163884192,6872.395248000121,5,322.26901788262035,46.96774193548387,45.61290322580645,1812.6462221036138,ubicacion_nueva,62.128133278921325,39.909677419354836,56.0,0.2697867137638703
530,8075.0,47104.0,1530,402,3976,732,259,148,30,42,1428.494970700168,2307.67717851646,2473.016037979454,626.4031983537994,6,225.0,2525.0,CE-530  Membrillo - Cda. Nueces,19.4645,-99.16948,-2045.3911615861855,7132.02300000027,4,311.23674369754485,36.25806451612903,45.064516129032256,2405.3187415212597,ubicacion_nueva,36.706147838114596,55.729032258064514,88.5,0.04097352393619469
523,12380.0,38994.0,1565,147,2792,372,117,53,13,32,1956.4726116640204,2026.3887162896535,2361.240869520009,78.41205775589003,45,0.0,0.0,CE-523 Toronjil - Av. Cuitlahuac,19.471112,-99.165294,-1605.8630608477374,7863.138288000327,2,312.7900837919828,63.32258064516129,63.67741935483871,3258.2668315967385,ubicacion_nueva,43.08996666239744,57.69677419354839,8.0,0.016527635528529094
705,7155.0,35552.0,3727,158,6075,292,67,47,20,40,1528.1507766812915,3084.764779861879,1361.1808640764484,116.98500849757,4,0.0,0.0,CE-705 Europa - Miguel Ángel de Quevedo,19.344107,-99.155933,-622.9623080952988,-6180.312581999727,2,202.7462131882035,52.225806451612904,52.61290322580645,1602.6460640513783,ubicacion_nueva,24.513917717585244,19.838709677419352,15.0,0.8132702392002724
524,11852.0,46282.0,1320,178,4193,769,306,145,16,46,1890.3649803842384,2278.599258789277,2597.894185243649,341.99222676226185,4,0.0,0.0,CE-524 Malvón - Juan Sarabia,19.468119,-99.167268,-1813.132165210275,7532.190306000323,6,174.2983953367522,20.64516129032258,31.419354838709676,2867.774865190258,ubicacion_nueva,31.046122621066466,41.79354838709677,10.0,0.9127555772777217
509,10072.0,41140.0,1530,216,7717,1298,663,182,22,68,270.9364062221758,3326.547945841219,3345.6512017089053,324.84954949413293,32,675.0,1600.0,CE-509  Juárez - Venecia,19.459686,-99.1817781,-3336.6860817267902,6599.719764000309,5,350.26185942725573,34.806451612903224,35.774193548387096,1505.3002612610358,ubicacion_nueva,44.15215592116648,42.32258064516129,126.0,0.6066357757671799
628,14837.0,41791.0,3938,306,7508,584,132,114,10,88,150.01323747767674,191.58292939022675,4264.081880684075,838.7361364155652,7,2475.0,4375.0,CE-628 Tenayuca - Chichen Itzá,19.378281,-99.15841,-883.0461842375034,-2401.55670599971,6,170.81243819173304,115.74193548387096,104.87096774193549,147.16873011540207,reapertura,68.31224491305109,52.967741935483865,214.0,0.7294965609839984
566,17711.0,73099.0,3095,366,11350,1736,859,220,17,88,368.51909670593767,563.1881426696524,3730.6288475508713,122.76990482877991,17,2300.0,4675.0,CE-566 Dr. Jiménez - Dr. García Diego,19.416239,-99.149542,48.08979219842881,1795.6111860002582,4,345.47039007996005,80.0,79.83870967741936,567.8982731026382,ubicacion_nueva,47.6115429697548,51.61290322580645,189.0,0.5436249914654229
599,14505.0,67575.0,1471,202,4773,650,171,143,15,57,844.7354260775546,360.0128135524866,5735.583462209976,274.2705628228797,4,450.0,2875.0,CE-599 La Morena - Zempoala,19.398143,-99.148333,175.0342436545504,-205.33591799972965,4,312.3596570194333,89.64516129032258,83.03225806451613,918.6754470443803,ubicacion_nueva,44.51069782491383,51.167741935483875,160.5,0.9350724237877682
642,11491.0,55091.0,1031,152,4072,555,183,78,19,52,319.4700286656573,1373.4006672559965,2493.4285494957344,168.60567902598203,8,1175.0,3175.0,CE-642 Repúblicas - Monrovia,19.364106,-99.150541,-56.80475453878185,-3968.943155999888,5,268.50547656708886,44.58064516129032,36.645161290322584,518.2035050122263,ubicacion_nueva,31.80197409605512,33.04516129032258,181.0,0.8158535541215322
606,10301.0,53927.0,2452,274,6656,605,146,102,21,59,122.40838883402036,152.0566589000377,5674.060413667896,752.4832580801504,82,800.0,1700.0,CE-606 Alfonso XIII - Aragón,19.394974,-99.138949,1160.3499859713631,-555.7449239997026,5,56.203049175134375,44.29032258064516,42.935483870967744,1887.7482647293637,ubicacion_nueva,97.12733920682943,40.04516129032258,147.0,0.002738500170148095
581,8542.0,63171.0,2032,387,7343,1217,268,151,14,66,239.30233340686183,1600.3890147830268,4577.515801214139,295.5249593122241,86,825.0,3350.0,CE-581 José María Roa Bárcenas - San Antonio Abad,19.411398,-99.135655,1506.2184914263296,1260.3224519999776,4,213.56047223312382,26.451612903225808,21.967741935483872,1549.5508922149395,ubicacion_nueva,44.16915152216473,31.04516129032258,196.5,0.8574042765875693
558,11286.0,57606.0,5831,301,15209,1367,615,262,11,75,358.12289926337684,728.0050318581082,3293.7596881627805,346.740146155859,18,1175.0,4400.0,CE-558 Chimalpopoca - Simón Bolívar,19.4223,-99.139872,1063.435404752382,2465.8002000001457,5,277.5987539759929,60.0,49.74193548387097,420.8074911003494,ubicacion_nueva,52.848002865633006,62.348387096774196,191.0,0.033585575305464355
106,10869.0,34952.0,10766,2002,26712,4126,3044,385,20,88,113.32767967466144,81.6771671803985,3212.019138071912,884.9906816514904,50,1650.0,2900.0,CE-106 San Jerónimo-José María Pino Suarez,19.42649,-99.133537,1728.607530452709,2929.105260000284,7,157.82827065596445,105.0,78.03225806451613,0.0,reapertura,99.49571701840324,53.8,201.0,0.7296554464299441
646,11944.0,48063.0,1600,175,4295,444,116,86,16,46,420.7780822578332,1869.382645423154,2005.257925120307,423.19106752084576,6,675.0,2825.0,CE-646  Rumania - Av. Popocatépetl,19.360545,-99.147501,262.39386616056095,-4362.697170000027,5,239.58027734805063,38.38709677419355,36.354838709677416,802.3197728463676,ubicacion_nueva,35.90852286841157,24.01290322580645,146.0,0.17565562060255901
197,18174.0,39410.0,20361,323,32695,725,219,89,3,182,1465.685012983677,1644.6613832966036,5697.558528597776,2242.6687082403755,28,650.0,1525.0,CE-197 Presa Falcón - Miguel De Cervantes Saavedra,19.44092461896645,-99.20504942541812,-5780.164692025804,4525.198817596641,6,157.05987737183554,178.41935483870967,177.5483870967742,121.3043369802123,reapertura,75.71400494223303,57.52903225806451,48.5,0.8631789223498866
671,4899.0,27061.0,2879,157,24081,745,152,132,9,180,461.6722565177376,469.7125717921034,5209.781554510883,1160.0062345722824,23,725.0,3450.0,CE-671 Plateros - Jose María Velasco,19.364577,-99.186288,-3810.2235355074886,-3916.862801999777,6,172.67323900848928,39.516129032258064,35.516129032258064,815.8076563659397,ubicacion_nueva,71.39220197381567,58.548387096774185,163.0,0.5414612202490917
607,14714.0,64208.0,1734,151,4584,553,142,105,24,43,368.2121535730405,406.1013074909546,5224.870668931058,381.4615773937352,70,0.0,1400.0,CE-607 Unión Postal - Calzada de Tlalpan,19.39091,-99.138953,1159.9299877858004,-1005.117659999661,4,287.34256225141206,21.35483870967742,21.161290322580644,1955.2227050834797,ubicacion_nueva,32.86891613332725,38.21290322580645,105.0,0.2997118905373848
490,16097.0,71897.0,2169,208,7178,578,147,115,26,39,610.7060594613524,2717.117401865827,2941.8697750923766,260.62949231798063,43,825.0,1950.0,CE-490 Lago Garda - FFCC,19.449023,-99.179622,-3110.296559985799,5420.669202000201,5,300.5107471153275,69.74193548387096,68.0,389.7745055155341,ubicacion_nueva,57.119962796866076,55.225806451612904,103.0,0.42268722119765845
601,13840.0,58022.0,1962,237,5151,712,276,106,16,54,794.6110453689147,164.56706652649515,5795.394695405121,95.63916513367742,6,1725.0,3425.0,CE-601 Navarra - Fernando,19.395888,-99.145344,488.87788749356497,-454.6802879999146,4,269.71236299207385,48.25806451612903,46.74193548387097,1211.3072375518382,ubicacion_nueva,43.25857701046999,41.95483870967742,203.0,0.028319671145462966
591,16548.0,77066.0,1952,212,7119,1002,340,106,12,55,593.4462116246865,811.4008167447596,5366.286379244579,250.51270825667552,2,1425.0,3000.0,CE-591 Simón Bolívar - La Coruña,19.402088,-99.142976,737.5168130900054,230.87851200005903,3,351.1105438170088,62.74193548387097,63.74193548387097,1405.9891625181392,ubicacion_nueva,37.54751135146315,43.80645161290323,139.5,0.12428327649956394
572,18315.0,61600.0,2395,438,7248,1080,266,134,18,56,288.34873482580576,1294.1445419273896,4192.505188452769,30.664252800459096,79,1225.0,2025.0,CE-572 Manuel J. Othón - José T. Cuellar,19.414677,-99.136894,1376.1240535822185,1622.8945980002757,4,269.42171346544177,45.54838709677419,42.903225806451616,1177.1452121794632,ubicacion_nueva,47.388169201502954,32.516129032258064,145.5,0.6706244146936303
598,19845.0,57828.0,2329,234,6524,592,140,137,26,60,524.6146424368259,279.3463401762765,5597.111991050591,584.0983670414441,4,475.0,2375.0,CE-598 Palenque - Cumbres de Maltrata,19.3931,-99.152012,-211.25908712016027,-762.9605999997932,3,169.4700957956192,53.903225806451616,45.354838709677416,622.6538071668284,ubicacion_nueva,42.91928855245165,76.23870967741937,155.5,0.6471895115742501
632,12843.0,63343.0,2429,294,4952,599,176,87,15,46,750.4465756419166,990.3314689977236,3226.561170708766,158.09261003301373,4,925.0,2350.0,CE-632 Victor Hugo - Sevilla,19.370891,-99.151577,-165.5842844875976,-3218.698565999809,3,304.1218799198511,61.806451612903224,54.12903225806452,533.8290915561294,ubicacion_nueva,41.11369067518545,50.322580645161295,104.0,0.6153851114812539
683,3145.0,13778.0,10415,422,20052,739,178,141,27,173,818.1266238062616,107.1633015766981,4717.231174675459,822.289390681303,4,1100.0,3350.0,CE-683 Pedro Luis Ogazón-Insurgentes Sur,19.35038263626101,-99.18722301721571,-3908.3999189250567,-5486.39037807494,3,290.1263631067422,63.483870967741936,58.29032258064516,1993.7042714328982,ubicacion_nueva,93.50028726847572,19.96774193548387,210.5,0.38367755426188344
561,9855.0,56788.0,5537,319,12334,898,184,294,27,171,331.2846190109101,493.0960705728318,2927.6099348947423,520.2207358399479,20,1350.0,3325.0,CE-561 Dr. Jiménez - Dr. Lavista,19.423673,-99.147957,214.51407305565957,2617.618302000252,5,264.26258769695795,63.70967741935484,55.354838709677416,264.26258769695795,ubicacion_nueva,87.24344922374101,104.09032258064516,179.0,0.997209935789211
627,9977.0,57609.0,1983,177,6453,596,149,102,20,65,399.2230926399234,375.77876020098125,4624.737304879956,935.747475398549,0,475.0,2525.0,CE-627 San Borja - Av. Universidad,19.382606,-99.156592,-692.1570090954956,-1923.3241559999408,6,187.42988498451132,53.645161290322584,63.096774193548384,187.42988498451132,ubicacion_nueva,39.02652986692314,56.025806451612915,144.5,0.9808353387762301
534,13277.0,37943.0,1508,120,4663,439,161,53,15,27,1299.4204480952756,1645.1991516378002,1669.4233068091835,1385.0361188739976,20,1550.0,3600.0,CE-534 Tlatilco - Jazmín,19.4587727,-99.1644993,-1522.4199214168389,6498.732529800247,3,344.47788931527094,38.70967741935484,36.354838709677416,1907.9705622538831,ubicacion_nueva,50.98586958585248,61.14193548387097,125.5,0.6855419844806947
622,15116.0,68122.0,2373,224,6244,659,210,98,16,63,457.80059774081366,1581.9277711370255,3851.44569049376,444.0791110324555,0,600.0,1850.0,CE-622 Fernando Montes de Oca - Eje 6 Sur,19.378351,-99.143996,630.4172758819482,-2393.8165260000037,5,313.5179503354017,45.70967741935484,49.25806451612903,1496.7139987673536,ubicacion_nueva,31.733466830496106,32.832258064516125,110.5,0.6504592762678163
548,11729.0,60753.0,6990,427,12682,875,335,207,22,63,225.85286285529563,125.7715610719442,426.66568860241233,1340.129604744956,21,1225.0,2400.0,CE-548 Dr. Mariano Azuela - Jose Antonio Alzate,19.447028903088047,-99.1543111950432,-452.6735234709181,5200.1739300578165,6,128.92527317354777,317.2258064516129,332.741935483871,399.5401555416285,ubicacion_nueva,162.08504670586092,218.00645161290322,174.0,0.6884467305709401
621,8456.0,63529.0,3528,402,6584,729,259,107,16,73,116.95051310692544,1650.484251792,3956.415262463395,726.1398964121994,71,0.0,825.0,CE-621 Lago Poniente - Calzada de Tlalpan,19.379458,-99.140943,950.9808906839966,-2271.411107999884,2,337.34986752439653,132.70967741935485,117.03225806451613,1839.7692135948105,ubicacion_nueva,69.04378243736869,28.47096774193549,121.5,0.3889214239791038
512,8945.0,34369.0,2403,140,5030,466,114,95,26,38,621.6382419487376,4023.355597986219,3294.389472669987,908.1105595433518,6,500.0,925.0,CE-512 Clavería - Floresta,19.465638,-99.186178,-3798.673585415707,7257.856211999985,3,447.6047615675393,38.54838709677419,40.54838709677419,2214.916796638665,ubicacion_nueva,27.315148271305222,42.32258064516129,64.0,0.13509650502241122
582,13803.0,78205.0,2422,533,8496,1413,293,155,13,64,43.91014233071401,1457.8787963485297,4766.744784035312,455.2488116208866,94,1300.0,3050.0,CE-582 Antonio Solis-San Antonio Abad,19.40948,-99.135894,1481.1235998654467,1048.2415199999923,4,213.56047223312382,66.80645161290323,62.16129032258065,1757.8244554167193,ubicacion_nueva,57.658371258678784,33.0,214.0,0.7214883401940817
675,1969.0,26890.0,9563,384,14314,621,186,142,12,108,117.75392270917784,646.943376957453,5348.194646870572,1455.8080615680897,83,1525.0,2500.0,CE-675 Manuel Castro Padilla - Av. Revolución,19.3625257,-99.1889584,-4090.614323900832,-4143.683248199946,5,220.6994096638697,126.41935483870968,117.70967741935483,1151.8903345721742,ubicacion_nueva,92.18810489195552,43.148387096774194,179.0,0.5253543224757259
608,13591.0,55064.0,1946,210,4813,733,288,133,18,33,126.91597900439842,658.6818822069713,4948.789434184159,219.8308466743744,66,250.0,975.0,CE-608 Ahorro Postal - Francisco Márquez,19.3884304,-99.1397718,1073.956359289013,-1279.2969503997622,4,287.34256225141206,90.3225806451613,83.7741935483871,1866.4092255015619,ubicacion_nueva,54.44243816249034,31.574193548387097,123.0,0.31024187555895566
677,2679.0,18630.0,7052,199,15922,480,73,57,13,142,569.2085640296219,87.44174854804444,4758.590584765164,1420.3880903170743,3,1350.0,2600.0,CE-677  Juan Pablo II - Av. de los Insurgentes Sur,19.35904,-99.184498,-3622.274347661435,-4529.111039999815,5,165.82456597435015,39.193548387096776,35.96774193548387,1054.248595048199,ubicacion_nueva,56.49543931623272,42.70967741935483,191.0,0.4858353588317891
674,4219.0,27525.0,6297,312,20624,768,199,157,14,163,259.66285761657633,416.3268178173189,5113.363910687867,1466.047241830726,28,1225.0,3700.0,CE-674 Silvestre Revueltas - Macedonio Alcalá,19.361846,-99.186814,-3865.45329685153,-4218.840395999855,6,145.36456693600113,45.54838709677419,33.74193548387097,1053.6769055178913,ubicacion_nueva,89.11472856188247,43.148387096774194,201.0,0.8894878343490003
647,16086.0,46162.0,1048,154,4148,427,126,92,17,32,300.8484771324576,2208.7685503209264,1771.608564210681,606.1582454259716,79,1550.0,2250.0,CE-647 Antillas - Nevado,19.359256,-99.144433,584.532474155858,-4505.227056000012,2,281.345944137488,28.483870967741936,27.35483870967742,1149.3119088025062,ubicacion_nueva,46.50236705613698,24.01290322580645,150.0,0.9340435159562497
684,3145.0,13885.0,9523,282,17536,542,107,107,18,133,725.6928244840724,183.5504361440604,4500.386158917783,719.9277414358518,6,1000.0,1850.0,CE-684 Vito Alessio Robles - Tecoyotitla,19.351594,-99.184772,-3651.044223341888,-5352.445043999995,3,290.1263631067422,56.54838709677419,55.0,1715.9868798474638,ubicacion_nueva,54.835019773341635,19.96774193548387,149.5,0.35779519670907023
687,1380.0,19476.0,2447,47,9171,395,158,90,6,54,381.57575923445455,785.0431110277216,3857.447031364779,279.947109565481,3,0.0,0.0,CE-687 Francisco Sosa - Panzacola,19.349307,-99.179074,-3052.7568086234014,-5605.327781999888,3,259.5650490436287,18.225806451612904,12.96774193548387,1559.3807886659013,ubicacion_nueva,46.75860972517828,19.064516129032256,74.0,0.5715298307297609
513,3991.0,29499.0,1417,109,4206,359,76,66,17,61,72.59861538400453,3814.3413388951217,3144.8088847182075,973.3727665383584,17,500.0,1200.0,CE-513 Av. Aquiles Serdán - Av. Invierno,19.469578,-99.189828,-4181.921929348446,7693.517771999991,1,170.9938809401317,91.83870967741936,83.45161290322581,2737.0859812623285,ubicacion_nueva,69.20690926231028,45.56129032258064,142.5,0.32186939107594215
515,12913.0,39903.0,962,124,3432,399,99,67,22,43,675.1299904019892,3656.6139117743896,2802.416463513562,522.3481186073727,0,0.0,850.0,CE-515 Tebas-C. Salónica,19.469621805880028,-99.18408215045928,-3578.61033456444,7698.361563378336,2,474.51566869816384,30.193548387096776,30.387096774193548,2616.3375995493407,ubicacion_nueva,24.001119860228364,42.32258064516129,58.5,0.5943000301996968
690,3108.0,16801.0,2253,141,4928,339,107,66,11,41,818.024452846245,1507.597855567004,3152.931964871287,70.88064329220728,4,0.0,0.0,CE-690 Tata Vasco - Av. Miguel Ángel de Quevedo,19.345966,-99.172975,-2412.364575844412,-5974.75551599977,2,267.8502770468183,24.64516129032258,26.387096774193548,1689.1834442316592,ubicacion_nueva,23.209876388881977,24.890322580645158,40.0,0.33791122550713326
557,12896.0,56680.0,3168,315,12608,831,210,174,18,57,444.1440477847457,718.8667432150805,3714.1696107008265,605.8511763391277,30,675.0,1750.0,CE-557 5 de Febrero - Fernando de Alva Ixtlilxochitl,19.41981,-99.135941,1476.188621189189,2190.4709399999624,3,373.966269988844,55.70967741935484,59.87096774193548,627.8044224740398,ubicacion_nueva,78.44953187260307,41.36774193548387,107.0,0.39161900052816123
594,10470.0,49266.0,8350,344,11822,826,339,180,10,72,559.1576012153915,271.9131287583336,5278.309678036521,860.3644097587363,5,750.0,1675.0,CE-594 Xochicalco - Obrero Mundial,19.4022115,-99.1533118,-347.73749737825824,244.53440100015092,4,321.65751171264407,204.93548387096774,180.58064516129033,321.65751171264407,ubicacion_nueva,83.85655886380691,91.9483870967742,129.0,0.8902743520047923
640,14974.0,65968.0,1175,182,4316,572,191,72,12,40,731.5594302391577,1359.1823171198505,2770.8334101757277,198.289773025501,9,1000.0,2575.0,CE-640 Odesa - Bulgaria,19.367465,-99.148786,127.46944918770188,-3597.525089999924,6,334.0394349032689,45.87096774193548,44.354838709677416,748.6837017174236,ubicacion_nueva,30.711869761244415,31.748387096774195,116.5,0.22715759353337972
595,8994.0,61376.0,4006,419,8767,883,252,188,29,78,151.8756140313909,82.55104800281384,5864.941404748197,961.0829723545728,5,1100.0,1900.0,CE-595 Yacatas - Diagonal de San Antonio,19.396983,-99.155114,-536.9676796890095,-333.6017579999807,6,192.51195213988865,109.16129032258064,105.80645161290323,198.19168050147323,ubicacion_nueva,106.20640561887994,79.02580645161291,168.0,0.6231871446860424
511,8157.0,37142.0,2876,348,5252,633,175,145,26,57,744.3698762454706,3582.5052159103843,3292.5319713471013,484.1909247531624,5,0.0,0.0,CE-511 Palestina - Egipto,19.463941,-99.18228,-3389.3853540064347,7070.2121339999785,6,227.4611798661664,54.74193548387097,56.483870967741936,1976.8292930851662,ubicacion_nueva,43.040158715712735,42.32258064516129,44.0,0.08401534358238483
676,1969.0,20017.0,2349,135,14541,609,177,129,15,114,380.72830416763287,441.4152560702983,5069.89209150399,1513.1082764432715,26,1000.0,3250.0,CE-676  Ricardo Palmerín - Abundio Martínez,19.3582358,-99.1881061,-4001.123210603501,-4618.034650799929,4,285.9243341572537,24.096774193548388,25.677419354838708,1388.8384466781492,ubicacion_nueva,67.62419776066487,42.70967741935483,168.0,0.8326441476533978
693,2997.0,11424.0,1679,162,8264,1227,614,212,28,58,1158.876646299498,2100.34304850459,2600.0614433642577,858.8801588192076,7,1100.0,1975.0,CE-693 Xicoténcatl - Vicente Guerrero,19.352531,-99.164913,-1565.8582337135558,-5248.837205999949,6,111.67287495471122,21.516129032258064,18.64516129032258,810.8856456802473,ubicacion_nueva,24.285159574028334,26.9741935483871,79.0,0.7870983074886834
489,16932.0,65900.0,2209,183,5970,502,166,58,24,37,544.4127890568159,2260.514255704704,2587.516897693129,679.8272927164273,0,800.0,2550.0,CE-489 Lago Chalco - Laguna Tamiahua,19.446383,-99.17598,-2727.888212424185,5128.753842000253,6,306.3227289053955,85.96774193548387,87.61290322580645,442.8544928087881,ubicacion_nueva,36.76754928913643,52.74193548387096,131.0,0.23936944299295215
680,12782.0,33646.0,2817,198,8079,499,116,76,14,84,585.2148984094811,699.7470565159731,5505.022730721994,990.1747235334728,51,1150.0,2200.0,CE-680  Diego Becerra - Av. Revolución,19.366701,-99.188228,-4013.922655294982,-3682.0036259999474,5,310.8893114172929,38.41935483870968,31.0,748.249953366271,ubicacion_nueva,92.51655971188089,62.0,112.5,0.8764842308107038
532,9675.0,32512.0,2061,108,5722,613,239,122,19,28,987.7250461586406,2369.5006956250154,2379.60158707925,687.3671174891363,21,2075.0,3450.0,CE-532  Av. Biólogo Maximino Martínez - Camarones,19.4608358,-99.1711512,-2220.8664033343084,6726.857749200343,3,333.0898035035292,36.225806451612904,42.58064516129032,1969.9783225292126,ubicacion_nueva,47.576407485344454,48.483870967741936,130.0,0.05856803480519435
518,13625.0,43703.0,2254,205,4545,491,129,75,16,61,1297.5176005941687,3234.990962290388,2674.8174442535883,69.7639181069536,59,1025.0,1750.0,CE-518 Heliópolis - Norte 79A,19.468315,-99.177386,-2875.5175744980043,7553.862810000211,5,281.39511209186145,33.38709677419355,34.03225806451613,2499.8823346772124,ubicacion_nueva,50.99069689388222,36.58064516129032,64.0,0.3361170605456604
514,10217.0,32195.0,1379,134,3778,374,75,65,22,60,238.20136076393717,3678.3850351968513,2980.227420600261,802.5584031349757,15,750.0,1400.0,CE-514 José F. Gutiérrez - Invierno,19.470485,-99.188509,-4043.427527800543,7793.808390000162,2,170.9938809401317,53.83870967741935,40.064516129032256,2793.647696842577,ubicacion_nueva,60.22865839358195,42.32258064516129,128.0,0.15027946689483906
682,3145.0,15657.0,3158,120,15886,623,138,125,22,139,881.3514137769324,443.70888858192615,5041.304439878953,1232.9925600346253,38,1150.0,3125.0,CE-682 Manuel M. Ponce - Fernando M. Villalpando,19.353534,-99.189548,-4152.522056388903,-5137.931483999866,2,258.9762059858295,39.61290322580645,37.354838709677416,1861.6053718520438,ubicacion_nueva,63.08169229948667,23.03870967741935,158.0,0.450339366649287
614,8246.0,50190.0,2746,407,6758,712,241,148,16,54,356.7221914707254,179.0589179512723,5311.687031736912,989.5501627198088,2,1425.0,2675.0,CE-614 Torres Adalid - Av. Cuauhtémoc,19.389293,-99.156348,-666.5371198015404,-1183.9158180000024,5,124.00492086389576,70.29032258064517,59.483870967741936,124.00492086389576,reapertura,67.04530247132136,63.21290322580645,179.0,0.7963242702872942
638,16086.0,43337.0,1430,250,4401,567,171,117,22,45,104.86192615546835,2101.0068205986463,2028.712672637385,356.60605153176726,85,1475.0,2425.0,CE-638 Av Pirineos - C. Antillas,19.361743,-99.143867,643.9622173525413,-4230.229517999777,4,281.345944137488,89.03225806451613,82.25806451612904,1166.9338135460696,ubicacion_nueva,51.514756808707205,26.277419354838706,182.0,0.23064220899374743
655,1428.0,19761.0,1202,86,4297,292,81,45,13,44,1034.6232882075676,1605.839356191481,2516.0798073567958,780.9767288790026,5,400.0,1625.0,CE-655 Gomez Farias - Viena,19.357086311891955,-99.16019652040175,-1070.630015846203,-4745.138148858841,6,275.90381718910174,31.161290322580644,27.741935483870968,275.90381718910174,ubicacion_nueva,16.311127708748245,30.0,62.5,0.05202130106440961
565,13470.0,44796.0,3822,356,10927,1078,248,205,19,139,323.87739519380995,330.9081868385111,3567.980395287261,202.5126601025495,5,2200.0,5100.0,CE-565 Dr. Martinez del Rio - Dr. Lucio,19.4176712000745,-99.15278613567352,-292.54298160143264,1953.975277038065,9,208.41855400463785,79.2258064516129,79.03225806451613,265.34146467751856,ubicacion_nueva,67.25713694619677,79.73548387096773,199.0,0.4045518398215282
570,13091.0,66469.0,2609,368,7524,1086,279,155,10,54,495.4656541624151,1178.3556108197286,3745.0841986346895,268.79417738422933,7,1550.0,4800.0,CE-570 Alfredo Chavero - Simón Bolívar,19.417595,-99.140972,947.9359038405324,1945.549530000003,4,209.81567141413382,57.87096774193548,60.0,870.6071494585244,ubicacion_nueva,33.15364071680462,42.92903225806452,175.0,0.19851304450925533
493,25343.0,59451.0,1291,111,4828,530,154,102,30,44,361.3314586040509,1690.0924367874547,2021.0856762872052,1265.7588568357064,13,1375.0,2950.0,CE-493 Lago Tláhuac - Laguna de Guzmán,19.445916,-99.170401,-2142.0957437131315,5077.115784000204,5,122.47205115149038,65.7741935483871,66.96774193548387,724.8188414867072,ubicacion_nueva,41.08308019789933,93.09032258064516,163.0,0.0907530456191219
588,22651.0,44744.0,5619,357,10122,1102,268,135,22,100,69.61435408120252,806.7113044346027,5590.675849664523,822.0748912725334,71,275.0,1000.0,CE-588  Av. Fernando - La coruña,19.401175,-99.13748,1314.5943194607062,129.92444999999182,3,287.0558848988886,81.54838709677419,83.58064516129032,1985.04803317183,ubicacion_nueva,66.83214637456814,43.80645161290323,140.5,0.5803323859868507
440,6810.0,27519.0,6109,414,12997,718,117,60,8,102,79.99282115110834,1141.7076294800142,3747.040431934444,1104.3779251805795,7,575.0,1000.0,CE-440  Martin Mendalde - M. López Cotilla,19.3617925,-99.1714707,-2254.413758371993,-4224.756104999848,7,130.1303028223693,89.09677419354838,68.2258064516129,130.1303028223693,reapertura,55.633335651981405,33.322580645161295,137.5,0.2986961328189226
542,16671.0,65628.0,3317,408,7287,686,245,138,18,52,667.1208870274106,573.3486557780826,376.6103730006004,1702.7913103661251,3,625.0,1650.0,CE-542 Dr. Enrique González Martínez - Eligio Ancona,19.451838,-99.154584,-481.3179201594058,5731.935012000005,6,323.5383918527704,84.54838709677419,90.12903225806451,899.1926696539952,ubicacion_nueva,80.77737311591773,90.96129032258065,91.0,0.6719948779563594
699,4261.0,20695.0,2334,242,8553,957,378,157,22,59,1466.1727962644677,2393.669408299421,2247.6562252972026,241.34314964809005,2,0.0,0.0,CE-699 San Gregorio - Felipe Carrillo Puerto,19.346895,-99.163868,-1456.1337078475972,-5872.032269999848,2,235.49824927197994,29.483870967741936,24.06451612903226,1415.3989140052934,ubicacion_nueva,24.942660936510443,25.922580645161286,18.0,0.1995154439682133
695,2997.0,13725.0,5019,952,8554,1287,611,249,26,64,1362.511798734584,2154.684059725602,2338.335454021917,836.1901005346799,8,775.0,2150.0,CE-695 Malintzin - Allende,19.352141,-99.16225,-1286.244441962832,-5291.961065999888,8,199.3825529973357,48.32258064516129,44.32258064516129,823.074064787808,ubicacion_nueva,23.824800498994847,28.83225806451613,77.0,0.9421131105064978
531,3028.0,29906.0,2454,113,5463,453,166,101,10,23,831.9772416540673,2677.064008080918,2644.639828575661,367.52848871024895,3,525.0,2325.0,CE-531 Norte 67 - Poniente 44,19.460356,-99.174283,-2549.7039823831374,6673.804344000254,2,333.0898035035292,56.03225806451613,47.87096774193548,1758.7721549402197,ubicacion_nueva,33.96776412324909,43.40645161290323,99.0,0.36511016824482856
613,18502.0,60568.0,2349,225,5682,592,167,134,20,56,768.1325113688388,568.253366594161,5244.045604097079,451.56629923350016,3,600.0,2975.0,CE-613 Luz Saviñón - Doctor José María Vertiz,19.390019,-99.15111,-116.54949637351795,-1103.6390939999774,4,276.7003715131112,90.70967741935483,75.41935483870968,674.977992666606,ubicacion_nueva,45.585753124921695,45.9741935483871,143.0,0.10549527957022953
600,19845.0,52270.0,1859,195,5849,521,121,112,27,47,691.3219633080236,368.88553103507286,5496.662762220537,430.1596784082294,2,225.0,3000.0,CE-600 Cumbres de Acultzingo - Av. Universidad,19.392463,-99.150544,-57.119753176834735,-833.3962379999158,3,169.4700957956192,69.12903225806451,60.935483870967744,789.9246934998166,ubicacion_nueva,40.930386571070834,54.23225806451613,162.5,0.6291081515397092
648,8632.0,35808.0,1133,69,3283,310,95,46,15,22,319.8081765891142,2350.51250864615,1413.464364124422,466.8451149826907,9,0.0,1050.0,CE-648 Rafael Olivia - 20 de agosto,19.354411,-99.147795,231.52399955378723,-5040.958085999962,3,228.14244510387496,84.2258064516129,85.29032258064517,987.498503998903,ubicacion_nueva,18.608343495143437,22.529032258064515,105.0,0.9271545530678674
533,12761.0,38126.0,1345,93,4763,563,194,95,19,28,1203.3939060127682,1961.9674565267624,2016.807782146482,1096.1070084466994,17,1800.0,4650.0,CE-533  Av Plan de San Luis - Eulalia Gúzman,19.4604943,-99.1672704,-1813.384164121314,6689.096728200221,3,347.70493031456056,58.32258064516129,66.54838709677419,2107.142473132563,ubicacion_nueva,43.4501499448642,57.30967741935484,136.0,0.440377154715784
505,11976.0,50187.0,2249,191,4967,514,165,80,26,43,213.9677604596266,3109.6788824488776,3180.0650482313085,108.12849348742436,54,975.0,1925.0,CE-505 Mar Negro - Mariano Escobedo,19.455319,-99.181368,-3293.625767796632,6116.843106000087,2,242.77345575783843,87.35483870967742,86.83870967741936,1022.8081408169213,ubicacion_nueva,61.28767094081474,48.89032258064516,152.5,0.9545904936907372
653,8262.0,27914.0,3476,142,5989,288,79,43,13,53,549.7049557438522,1835.845714828258,1967.8353916210676,60.739050072509016,23,1500.0,3025.0,CE-653 Londres - División del Norte,19.356689,-99.153269,-343.24351679706507,-4789.070513999913,5,203.66149188862022,45.96774193548387,38.483870967741936,364.7914710278038,ubicacion_nueva,23.638830023505705,26.806451612903224,147.0,0.499895813687647
535,9044.0,48444.0,1221,230,3923,432,167,62,11,19,1701.6761488906068,1490.105439228823,1720.881150740379,1136.6849290650744,24,1300.0,2875.0,CE-535 Av. Jardín - Orquídea,19.461773,-99.162241,-1285.2994460456891,6830.487702000254,4,351.59744960484164,34.41935483870968,35.645161290322584,2227.802525162706,ubicacion_nueva,63.950653235864166,72.30322580645161,95.5,0.42522862484907553
539,12017.0,54283.0,2631,154,7466,732,347,119,9,34,1134.0208325017231,945.9506096379702,857.2513819436028,1987.4665049449357,14,0.0,1450.0,CE-539 Naranjo - Av. Ricardo Flores Magon,19.4551042,-99.1576905,-807.4990106868265,6093.091810800263,4,265.8097775757604,87.87096774193549,89.48387096774194,1353.9213246193738,ubicacion_nueva,80.69643813309135,60.754838709677415,61.0,0.6202134520153778
654,9690.0,24794.0,816,107,4814,290,65,47,16,56,870.9783248468614,1769.2743703769252,2227.8436512987746,506.030441885808,7,750.0,1825.0,CE-654 Londres - San Pedro,19.355942,-99.157461,-783.4016148146034,-4871.669291999968,6,313.8634807424553,36.41935483870968,33.74193548387097,326.76018661869375,ubicacion_nueva,27.16531376636788,33.85806451612903,81.0,0.9950965052353241
516,7092.0,44305.0,1875,295,5836,709,193,153,21,67,1051.3706166495356,3460.519549335732,2935.643959268207,334.5198204898897,0,0.0,850.0,CE-516 Texcoco - Nilo,19.46669,-99.180302,-3181.6962514583342,7374.180060000138,5,185.84934758247806,21.129032258064516,20.741935483870968,2284.1198557518087,ubicacion_nueva,43.21671513506632,42.32258064516129,38.5,0.9489436749377653
685,2203.0,15888.0,7176,238,14813,716,205,153,23,131,664.3759573983798,130.4820243314343,4626.310332086285,656.628572374374,2,1025.0,3125.0,CE-685 Av De la Paz - Insurgentes,19.34769884286648,-99.18690070520825,-3874.557304377808,-5783.148148881486,2,298.68126337864646,151.80645161290323,131.96774193548387,2177.656738927843,ubicacion_nueva,66.85629438943806,23.393548387096775,198.0,0.4600451393090961
500,4844.0,41728.0,792,69,5642,230,55,49,15,17,760.321676340821,2012.511951607319,2000.0402634264465,987.8014266539012,9,1575.0,3725.0,CE-500 Plan de Guadalupe /Ferrocarril de Cuernavaca - Juan Sarabia,19.456546,-99.169344,-2031.111223291977,6252.517404000097,5,360.05301498207234,39.225806451612904,43.225806451612904,1714.328694715444,ubicacion_nueva,16.220295855684704,58.645161290322584,146.0,0.7577288453082914
636,13606.0,54149.0,2347,274,6604,1111,603,180,18,39,335.9033268272309,1967.6759194975737,2604.8640724447087,262.03854863016807,59,200.0,825.0,CE-636 Ajusco - Antillas,19.367131,-99.142838,752.0067504777414,-3634.4568059997832,3,224.34413460604245,35.806451612903224,37.903225806451616,1345.4985080668812,ubicacion_nueva,45.794128912686816,31.748387096774195,92.5,0.49742269548761897
527,17729.0,48170.0,2061,388,3812,597,261,101,14,21,1845.9562978461024,1722.6786293292132,2046.741128445092,788.2718876554794,0,775.0,1250.0,CE-527 Boldo - Alcanfores,19.464826,-99.163177,-1383.5790213673756,7168.070124000005,5,236.52973142831354,21.806451612903224,22.29032258064516,2572.6963655109976,ubicacion_nueva,46.24034177191697,72.30322580645161,35.0,0.5293121601967704
585,11385.0,76462.0,2565,328,8576,1471,402,91,7,50,257.3206358475574,1173.1964292403256,5006.828029366607,234.5805483651473,16,1800.0,4250.0,CE-585 José Toribio Medina - Manuel Navarrete,19.405358,-99.14316,718.1968965750135,592.4554920001199,3,191.62583965340787,42.67741935483871,38.87096774193548,1304.391599134854,ubicacion_nueva,45.92877253025746,40.92258064516129,204.0,0.7857857007138075
519,8171.0,29355.0,1709,245,6359,781,261,160,20,59,955.8958520162524,3095.0568554791826,3039.7904721713444,23.53862201423112,40,0.0,1725.0,CE-519 Poniente 58 - Cuitláhuac,19.464891,-99.177242,-2860.3976398341624,7175.257434000323,5,212.19174751252788,33.70967741935484,37.32258064516129,2131.726942365796,ubicacion_nueva,42.351663593310604,36.58064516129032,69.0,0.4146558493556708
711,0.0,14975.0,790,22,3064,312,140,66,5,14,266.9291829971304,761.3715688392175,5800.179493547218,1855.818740846159,6,675.0,4500.0,CE-711 Molino del Rey - Av. Constituyentes,19.414108,-99.191983,-4408.19595158643,1559.9779920000256,3,302.1828597974883,89.64516129032258,82.93548387096774,328.2342118958617,ubicacion_nueva,76.18797796201582,72.40645161290323,205.0,0.7344835717887294
484,21691.0,55216.0,3467,237,11979,935,350,225,10,91,889.9893780495695,1644.1413571316068,2626.40207523281,916.7434908207498,43,400.0,1225.0,CE-484 Laguna Mayran - Lago Cuitzeo,19.44046,-99.174564,-2579.2088548886977,4473.824040000337,7,254.77794833526434,77.3225806451613,73.25806451612904,254.77794833526434,ubicacion_nueva,77.66380229078285,65.07741935483871,58.0,0.7111428779897498
610,24177.0,71303.0,1404,382,3966,814,334,126,16,35,500.5550609530144,841.5809480524232,4821.234205237831,363.7964957093674,0,825.0,2950.0,CE-610  Av. Víctor Hugo - Av. Niños Héroes de Chapultepec,19.387174,-99.143708,660.657145211124,-1418.2221239996568,4,278.57822825464484,57.29032258064516,51.83870967741935,1471.7174214657514,ubicacion_nueva,37.121459150494886,34.68387096774193,144.0,0.9320596866133782
522,11874.0,36083.0,866,117,2796,298,86,50,13,27,1903.3491970085129,2499.859663447622,2341.408628232675,50.55046801818056,44,0.0,0.0,CE-522 Prol. Nueces - Av. Cuitlahuac,19.470597,-99.1700529,-2105.5454016524795,7806.192678000321,1,400.7278386988231,46.354838709677416,52.774193548387096,2972.742912062014,ubicacion_nueva,25.528586784710612,41.79354838709677,9.0,0.1149326332809052
538,16262.0,49094.0,1854,126,6895,743,350,137,21,33,1036.225062164391,1300.226013527315,1281.4272503084187,1708.5963649216424,36,425.0,1200.0,CE-538 Nogal - Eligio Ancona,19.453778,-99.163128,-1378.4340435990828,5946.448572000134,3,356.26176499448076,84.38709677419355,90.29032258064517,1372.496915898299,ubicacion_nueva,44.93134165254533,85.21290322580646,48.5,0.7290151170763094
635,21764.0,61606.0,4708,908,7816,1413,801,190,21,54,105.84033469851396,1943.8589105219537,2981.194824226756,353.2413048548762,81,325.0,1200.0,CE-635 Calzada Santa Cruz - Antillas,19.370586,-99.142294,809.1265036545763,-3252.423635999908,3,378.38842239535387,117.29032258064517,106.16129032258064,1507.271666696971,ubicacion_nueva,43.96183920527661,30.761290322580646,135.5,0.9274239286245599
487,23167.0,70737.0,2019,395,7930,1047,418,178,15,75,313.89895332772915,1237.5631101292736,1895.432659052098,1635.2139843630555,27,475.0,2475.0,CE-487 Nopaltzin - Quetzalcoatl,19.441728,-99.167477,-1835.0770703831683,4614.031872000293,7,232.94405962085324,50.96774193548387,52.935483870967744,232.94405962085324,ubicacion_nueva,76.81737395815827,107.75483870967741,156.0,0.9679261899246464
681,5114.0,14439.0,2489,128,10419,387,70,56,15,98,625.5313492971572,439.0286985228877,5078.0122369453775,1376.6528732069296,34,1150.0,2950.0,CE-681 Guty Cárdenas - Ricardo Castro,19.355844,-99.189141,-4109.787241052295,-4882.505543999715,3,258.9762059858295,20.548387096774192,19.967741935483872,1646.5080233064384,ubicacion_nueva,101.0175074640951,35.412903225806446,151.0,0.014706304965369288
587,16810.0,56604.0,4717,584,11126,1751,339,151,20,94,420.0217160473224,1084.4429619993766,5235.500313355764,843.3024874390057,44,175.0,2100.0,CE-587 Jose Toribio Medina - Marcelino Davalos,19.404668302672064,-99.13694635033607,1370.6272920464107,516.1928996609981,3,265.7341847804848,26.516129032258064,29.516129032258064,1960.2631585638344,ubicacion_nueva,74.04953588306806,37.39354838709677,126.0,0.8636400902455758
544,15985.0,52704.0,1403,178,5485,810,369,150,32,37,721.5800445493492,1099.5422369982216,1209.2840201048348,1924.1575826048784,51,500.0,1300.0,CE-544 Salvador Díaz Mirón - Nogal,19.449773,-99.163136,-1379.274039968716,5503.599702000204,3,342.5288042332632,125.16129032258064,111.06451612903226,938.2272145211045,ubicacion_nueva,54.06464408461182,93.90967741935484,70.0,0.9811950400663443
521,6779.0,44157.0,1039,120,4295,683,272,118,18,42,1346.8305472940492,2735.4296523103867,2808.299660271958,330.1488209587127,8,1050.0,1800.0,CE-521 Yuca - Clavelinas,19.466423,-99.173061,-2421.3945368258023,7344.656802000038,3,431.9625816485271,34.70967741935484,31.677419354838708,2424.332728293581,ubicacion_nueva,23.03081653037475,51.87096774193549,65.0,0.9572101796109636
605,13636.0,60140.0,2370,270,6712,607,159,99,19,55,175.68279724555146,111.69858008915162,5682.60175996349,697.6846284408622,82,925.0,1750.0,CE-605 5 de Febrero - Alfonso XIII,19.395063,-99.139476,1105.0152250798124,-545.9038379998002,5,56.203049175134375,41.516129032258064,32.32258064516129,1831.8153349197623,ubicacion_nueva,100.65440331412879,40.04516129032258,154.0,0.1487640122324979
528,10916.0,52645.0,1771,95,5064,523,249,75,9,19,2066.084780590098,1490.1388886804057,1904.6583409170169,865.8422486549971,3,850.0,1525.0,CE-528 Tlatilco - Av. Jardín,19.464964,-99.160455,-1097.7702563851983,7183.329335999978,3,286.2158166340525,40.516129032258064,43.67741935483871,2472.0931477894455,ubicacion_nueva,33.63873088902034,72.30322580645161,45.5,0.972628813822955
576,18467.0,65042.0,3403,862,9016,1722,910,177,11,31,419.6257080364159,694.1378108491208,4048.636022557813,136.1258004275572,17,925.0,3450.0,CE-576 Doctor Arce - Jose Maria Vertiz,19.413464371675584,-99.14802946153031,206.9056452503163,1488.8094336561735,4,345.47039007996005,102.70967741935483,90.51612903225806,739.8751826391319,ubicacion_nueva,54.69217337093885,35.36774193548388,171.0,0.8899355557205206
616,11878.0,58235.0,2120,243,5498,611,161,114,19,64,401.972987729286,397.6061820869794,4768.0167603015325,642.0341109929325,2,700.0,1625.0,CE-616 Petén - Eje 5 Sur,19.384965,-99.1535881,-376.7488720157451,-1662.48008999972,5,279.7317834919498,41.935483870967744,39.483870967741936,492.2986968753474,ubicacion_nueva,49.12037988924125,61.92903225806451,105.5,0.8223738275430704
586,22071.0,64266.0,6580,1192,11253,1915,323,134,10,82,457.800426094006,1331.0257751055944,5005.381632502148,615.5017883858212,33,1050.0,2575.0,CE-586 Bernardo Couto-Juan E. Hernández y Davalos,19.40632606093993,-99.13877864484677,1178.2371997689463,699.4978623718248,5,222.004820501678,43.38709677419355,37.0,1747.3689847615858,ubicacion_nueva,62.689442801207996,34.096774193548384,137.5,0.4799879238078322
574,17239.0,63628.0,1583,362,5717,1213,271,121,8,52,367.780939944544,1464.5111224921664,4366.228252748852,259.0529705437094,3,325.0,3600.0,CE-574 José María Roa Bárcenas - Simón Bolívar,19.411768,-99.140899,955.6008707192173,1301.234832,5,229.43857608254768,25.258064516129032,23.032258064516128,1497.381564230872,ubicacion_nueva,26.593739978859084,29.741935483870968,182.5,0.23237291963930384
508,17426.0,33048.0,1621,203,8384,1342,667,213,27,70,581.3912481774788,3637.3143941020503,3508.37873241679,617.820819663507,5,0.0,1200.0,CE-508 Libertad-C. José Sánchez Trujillo,19.462364,-99.183671,-3535.4397228855128,6895.836936000255,4,227.4611798661664,33.516129032258064,31.225806451612904,1813.7679215962733,ubicacion_nueva,36.72594227705876,42.32258064516129,75.5,0.8018805787183079
583,18476.0,63068.0,5400,982,10444,1961,340,148,12,73,255.41695213634557,1428.6222867593283,4849.074992270151,628.6978410368167,66,1475.0,2200.0,CE-583 Ángel del Campo - 5 de Febrero,19.408087,-99.137763,1284.8794478616185,894.2119379999705,5,222.004820501678,33.354838709677416,30.70967741935484,1850.1158829390915,ubicacion_nueva,52.018922035894576,33.03225806451613,156.5,0.9235301597834695
710,0.0,8544.0,43,2,849,22,7,5,1,0,568.7824990559956,993.5114601365996,5643.366787068958,1720.9442377304294,4,2700.0,5225.0,CE-710 Molino del Rey - Glorieta de la Lealtad,19.416795,-99.192508,-4463.320713385946,1857.0903300002087,1,302.1828597974883,103.41935483870968,111.6774193548387,614.7319742069158,ubicacion_nueva,13.368632200575169,72.40645161290323,172.0,0.2661302722922926
547,9893.0,53672.0,6590,498,13369,936,354,203,34,64,354.7523804277278,252.99521735760808,483.59621402556365,1457.247100165316,30,700.0,2025.0,CE-547 Dr. Enrique González Martínez - Salvador Díaz Mirón,19.447481,-99.155443,-571.5125304168452,5250.164094000134,5,128.92527317354777,65.16129032258064,93.64516129032258,512.2578877576012,ubicacion_nueva,110.09969924196594,111.29677419354839,153.5,0.5389344076221869
665,5938.0,22361.0,980,21,1955,78,22,8,10,11,637.321099491517,599.5380667346332,4142.932823444459,1340.4069563598698,0,0.0,0.0,CE-665 Moras - Mango,19.3589028,-99.1779972,-2939.693297185428,-4544.281792799932,3,291.99468891604954,17.70967741935484,12.96774193548387,656.8529617508435,ubicacion_nueva,6.514173681323127,5.974193548387097,53.0,0.4427528289745315
644,10030.0,48063.0,2146,187,4919,460,135,68,16,58,84.17445969303945,1568.542941127632,2227.090657017918,92.13331577340314,9,1200.0,3550.0,CE-644 Monrovia - Popocatépetl (Eje 8 Sur),19.361371,-99.150619,-64.99471914904674,-4271.363046000028,5,217.62245390953692,122.51612903225806,121.51612903225806,463.60293865906203,ubicacion_nueva,58.33175623750597,25.9741935483871,220.0,0.931017315981155
593,24065.0,59242.0,1776,203,5388,672,223,122,11,49,769.3903441646435,649.9554104727365,5420.988282269099,366.0220298110976,1,925.0,2375.0,CE-593 Zempoala - Diagonal de San Antonio,19.401018,-99.147952,215.03907078723984,112.56433200021692,3,320.40748297120797,107.90322580645162,96.2258064516129,889.2647266237311,ubicacion_nueva,45.67753563473373,50.18064516129032,111.5,0.040510711188434634
525,11130.0,46282.0,1234,178,3465,585,217,106,12,38,1992.5274018481457,2143.133352739585,2508.199472557452,337.6618085661004,3,0.0,0.0,CE-525 Boldo - Tila,19.4683001,-99.165619,-1639.9879133900106,7552.215257400206,5,174.2983953367522,25.774193548387096,30.161290322580644,2959.9747653179643,ubicacion_nueva,29.700537608812514,57.30967741935484,7.0,0.7320061956565608
698,12474.0,17698.0,1734,134,5092,444,134,90,15,39,1618.740791209333,2485.328761044266,2159.982864284731,19.469307609626767,4,0.0,0.0,CE-698 Cerrada Zamora - Av. Miguel Ángel de Quevedo,19.3447824,-99.1635837,-1426.2823368404772,-6105.630902399875,1,235.49824927197994,32.193548387096776,27.516129032258064,1644.1097121944015,ubicacion_nueva,21.07123254558341,26.6,14.0,0.6143732469489966
641,12843.0,55087.0,1434,218,4665,605,217,87,13,39,755.2386776404772,1027.8866819198993,2959.425908485628,179.46974745288665,8,975.0,2850.0,CE-641 Sevilla - Av. Presidentes,19.368156,-99.151883,-197.71414564956712,-3521.118455999949,3,304.1218799198511,58.87096774193548,57.483870967741936,504.7100856899929,ubicacion_nueva,34.88788722427161,44.18064516129032,119.0,0.028365365113521057
596,17240.0,54084.0,2977,302,8158,844,244,174,30,74,129.8479370652856,70.40273717819241,5899.119907661147,938.8919722735247,5,1150.0,1925.0,CE-596 Cumbres de Maltrata - Uxmal,19.395205,-99.155049,-530.1427091814502,-530.2023299997661,6,196.71900043735445,127.7741935483871,104.12903225806451,228.07571457864464,ubicacion_nueva,119.54488246840224,79.02580645161291,173.5,0.7192197728267403
625,15968.0,65781.0,1837,374,4478,693,263,101,18,40,989.1000849855504,936.6815111043492,4080.384106378584,208.5750894598449,3,875.0,1750.0,CE-625 Zempoala - Angel Urraza,19.379442,-99.150064,-6.719970961541694,-2273.1802919997385,3,295.2804843730612,72.74193548387096,63.193548387096776,950.0449206263313,ubicacion_nueva,34.53149120352319,41.593548387096774,74.0,0.015991729523571974
529,12076.0,44371.0,1557,369,4253,831,319,138,23,47,1672.5600819208594,2088.710809921686,2345.052362589756,616.1855714030646,3,0.0,500.0,CE-529  Av Plan de San Luis - Calle Clavelinas,19.465541,-99.166726,-1756.2224111239834,7247.130534000352,5,290.6850421381153,42.935483870967744,41.225806451612904,2659.071116814155,ubicacion_nueva,37.17620601545197,57.30967741935484,20.0,0.7579510023564281
520,7450.0,37901.0,1451,160,4184,468,126,50,18,58,1286.779485659741,3264.9491793777665,2449.113993706978,57.893131439439685,30,1050.0,1750.0,CE-520 Salónica - Eje 3 Norte Camarones,19.470699086375355,-99.17832344770432,-2973.949158115041,7817.48077686862,2,281.39511209186145,60.96774193548387,59.096774193548384,2745.3688587609654,ubicacion_nueva,32.14382985172906,36.58064516129032,65.0,0.512758723262078
488,25343.0,59451.0,1050,141,5528,763,316,134,18,45,320.0987394947659,1640.145897841124,2041.801428207602,1298.3726960519448,8,1200.0,2725.0,CE-488 Huetzin - Cuitláhuac,19.444812,-99.170307,-2132.225786362108,4955.042088000033,5,122.47205115149038,42.61290322580645,42.903225806451616,641.4028849052372,ubicacion_nueva,37.92785436952693,93.09032258064516,162.0,0.9291042207970062
707,3895.0,20371.0,1899,219,6738,483,182,68,17,43,711.9562648032912,2885.599003763007,995.9620054953213,256.24103325193846,8,1050.0,1875.0,CE-707 Irlanda - División del Norte,19.348076,-99.14906,98.69957350575712,-5741.444375999959,5,360.50973903690056,15.806451612903226,16.29032258064516,1378.6660610406648,ubicacion_nueva,22.492502077868373,20.548387096774196,94.0,0.06608249672407474
517,7092.0,44305.0,2598,342,5910,742,223,163,16,65,930.601240478192,3307.181375559408,3038.4553194433734,176.2345070727354,37,0.0,900.0,CE-517 Ignacio Allende - Clavería,19.465377,-99.179197,-3065.6717528163967,7228.996398000174,5,185.84934758247806,34.483870967741936,33.29032258064516,2150.054286030006,ubicacion_nueva,58.117111778008514,42.32258064516129,47.0,0.8413172796123832
526,13766.0,53356.0,887,245,4594,614,271,101,9,22,2037.29915875475,1829.481338980436,2226.3353974036,577.4084565386781,0,275.0,1400.0,CE-526 Toronjil - Mejorana,19.466952,-99.162928,-1357.4341343418405,7403.150448000063,5,236.52973142831354,23.64516129032258,22.451612903225808,2774.0681941595144,ubicacion_nueva,33.041509111786205,72.30322580645161,37.0,0.0666900087671014
