station,name,lat,lon,dem_out_dia_corr,pred_gbm
710,CE-710 Molino del Rey - Glorieta de la Lealtad,19.416795,-99.192508,120.26567454282369,49.494938600421946
407,CE-407  Prolongación Xochicalco-General Emiliano Zapata,19.36726591257277,-99.15865559132271,35.95276636230523,55.508514972424194
428,CE-428  Prolongación Uxmal-Av. Popocatépetl (Eje 8),19.363404,-99.160395,45.705734035107895,25.142272583007664
483,CE-483 Colegio Salesiano - Marina Nacional,19.44304,-99.17759,34.751447926235585,33.58970375776237
443,CE-443 Bruno Traven-Golondrinas,19.359583,-99.162085,18.735189349803264,29.5140613395796
423,CE-423 Moras-José María Rico (Eje 8),19.367816,-99.175269,31.501498375818674,63.44146444442879
438,CE-438 Adolfo Prieto-José María Olloqui,19.36473,-99.174447,33.16550302773728,55.50678262525644
415,CE-415 San Francisco-Parroquia,19.37099,-99.176135,33.55587935936645,76.12077925616603
417,CE-417 Goya-Augusto Rodin,19.373447,-99.184465,40.918709177913094,60.248191118601376
022,CE-022 Reforma - Manchester,19.424784,-99.172119,81.20541905586474,125.74434715234949
094,CE-094 Lic. Verdad-Moneda,19.433766,-99.130918,26.16671592138349,100.32096711365742
405,CE-405 División Del Norte-Municipio Libre,19.370565558464016,-99.15662247688942,113.9344410424446,47.52220045072551
375,CE-375 Tenayuca-División Del Norte,19.376793,-99.158847,41.91280232497383,67.14782941858601
394,CE-394 Dr. Roberto Gayol-Félix Cuevas,19.372474,-99.171639,62.82079590400369,145.27308759871138
337,CE-337 San Borja-Martín Mendalde,19.384849,-99.16704,66.31443251366227,47.92914680207966
412,CE-412 Parroquia-Avenida Universidad,19.368107,-99.164376,70.90517649986883,80.41241021285316
381,CE-381 San Lorenzo-Manzanas,19.375543381100602,-99.17801052342838,65.15447790976424,91.53772028681863
332,CE-332 Calle 27-Avenida 3,19.385494,-99.183744,35.2693410285909,88.55413046960673
399,CE-399 Heriberto Frías-San Lorenzo,19.372469,-99.164538,86.61095846141673,96.08597186513889
377,CE-377 Heriberto Frías-Miguel Laurent,19.375397,-99.163778,98.2915866593126,65.16637994967506
360,CE-360 Heriberto Frías-Matias Romero,19.379435,-99.162794,54.029621520287066,54.92309228353797
362,CE-362 Augusto Rodin-Alberto Balderas,19.382123281154726,-99.18109126394484,29.3326059473362,27.346490947967276
365,CE-365 Holbein-Avenida Revolución,19.381123,-99.18667,77.21204481850054,80.2843094262116
424,CE-424 Amores-José María Rico (Eje 8),19.367103332434564,-99.17058136315518,46.00278756015844,83.15424992369012
421,CE-421 María Luz Bringas-Oso,19.36952,-99.179421,34.87116622020012,78.74718645467753
287,CE-287 13 de Septiembre-Puente de la Morena,19.398946,-99.183254,54.410565183269654,67.04719874945884
288,CE-288 11 de Abril-Avenida 2,19.396339843986805,-99.1835709661791,69.09413396913396,99.71845019984627
372,CE-372 Dr. Roberto Gayol-Tlacoquemécatl,19.377966,-99.170272,105.06219577076584,67.96344696801924
434,CE-434 Jose María Olloqui-Amores,19.363698614576656,-99.17118497195588,22.26875951504415,61.1890892566772
439,CE-439 Amores-Avenida Coyoacán,19.362037,-99.172683,38.12163066818239,73.80486788253779
378,CE-378 Miguel Laurent-Amores,19.375865,-99.168219,60.761029276327136,57.94111256173197
437,CE-437 Moras-Comunal,19.364916,-99.175985,28.306312926740613,71.34043105293118
374,CE-374 Pitágoras-Pilares,19.376959,-99.161099,91.72976131158167,48.58174583961156
384,CE-384 Empresa-Poussin,19.375865,-99.185573,92.95078512027435,96.95746340642421
348,CE-348 Indiana-Avenida San Antonio,19.3854574,-99.1782718,40.62386348586663,59.06548708703814
397,CE-397 San Lorenzo-Gabriel Mancera,19.37313576931919,-99.16706666355822,81.3368080683694,73.27055983696913
353,CE-353 Carolina-Holbein,19.3823345657493,-99.17888358246273,29.924152391400526,63.897757941376334
387,CE-387 Cadiz-Empresa,19.374267,-99.180546,44.11959575534921,85.36256107259499
367,CE-367 Boston -Augusto Rodin,19.379593,-99.181351,29.40696583947651,31.117045271794844
390-391,CE-390-391 Oso-Félix Cuevas,19.373161,-99.178243,167.069751875109,123.70664596863656
303,CE-303 Montecito-Av. Insurgentes,19.394861698080163,-99.17300574486944,71.12042073630059,70.82118456509868
370,CE-370 Tlacoquemécatl-Av. Insurgentes,19.378799,-99.176821,69.70707658116417,64.97017930200667
354,CE-354 Boston-Av. Insurgentes,19.381714,-99.176664,62.16691124221861,70.73735510904835
333,CE-333 Georgia-Carolina,19.387624,-99.180978,40.577478381587966,50.854314631684524
445-446,CE-445-446 Riff-Avenida Río Churubusco,19.35857050753971,-99.15610156956063,45.84914069862821,46.228009153159945
429,CE-429 Pirineos-Av. Popocatépetl (Eje 8),19.363060918104924,-99.15833439679318,38.0192151114975,29.839651496666225
414,CE-414 Parroquia-José Ignacio Bartolache,19.370213835587535,-99.17385498530166,40.793473869283396,77.27934936794391
432,CE-432 Carrillo Puerto-Avenida México-Coyoacan,19.361245,-99.16239,56.377462426351556,24.19658753496084
358,CE-358 Nicolás San Juan-Matias Romero,19.380087,-99.16427,38.66175587976581,38.0000407263903
409,CE-409 Azores - División Del Norte,19.3650233,-99.1554899,42.793147844480515,53.62302109042756
413,CE-413 Parroquia-Avenida Coyoacán,19.369823,-99.172164,46.91429589655186,66.91431922576604
345,CE-345 Patricio Sanz - Miraflores,19.384447,-99.172039,29.629933326859458,32.63326320999755
419,CE-419 Actipan-Cadiz,19.370615,-99.181606,69.18651922523851,70.36842021217204
307,CE-307 Minnesota-Dakota,19.393711808925048,-99.17581468826029,27.731268598417802,77.61496183019138
361,CE-361 Porfirio Díaz-Capulín,19.380691,-99.175036,35.94654508313427,67.36023651662897
393,CE-393 Adolfo Prieto-Félix Cuevas,19.373307,-99.172471,73.63907717976664,101.2632260351347
306,CE-306 Dakota-Minnesota,19.393699,-99.175664,58.00351983358317,77.61496183019138
349,CE-349 Augusto Rodin-Avenida San Antonio,19.385632,-99.180848,43.39027946735431,45.367534422099524
284,CE-284 Dakota-Vermont,19.397693,-99.172981,63.82767250215681,68.42570991553346
308,CE-308 Nueva York-Arizona,19.393643,-99.178156,58.62872101004922,47.69227024012772
312,CE-312 Avenida 2-Calle 7,19.39270929935713,-99.18373167525715,53.20284608916099,53.41432969852413
325,CE-325 Providencia -Avenida Del Valle,19.38817793281278,-99.16966706519814,54.28776904483699,57.360757732903565
327,CE-327 Georgia -Pensilvania,19.38885,-99.17772,71.480920862915,64.40721763018536
335,CE-335 Magdalena-Ameyalco,19.386989,-99.173438,38.33145380804889,60.76881839214348
324,CE-324 Amores-Avenida Eugenia,19.387483,-99.165409,45.56990831572097,65.83786708680078
059,CE-059 Popocatépetl - Ámsterdam,19.4152434,-99.1667561,143.86360300367366,99.66786600710476
072,CE-072 Mazatlán - Alfonso Reyes,19.409859,-99.179565,143.79245997883083,53.8978206913997
067,CE-067 Vicente Suárez - Michoacán,19.411813726946605,-99.17595729242748,92.01577919132642,71.26139914605201
343,CE-343 Enrique Rébsamen-División Del Norte,19.384079,-99.160915,37.29870564344974,52.865314484274506
330,CE-330 Calle 15-Avenida Patriotismo,19.389358,-99.182606,30.821431099209672,55.647663048165356
315,CE-315 Alabama-Montana,19.391444264426035,-99.17368702595921,67.45326367847956,83.71956156717556
341,CE-341 San Borja-Avenida Cuauhtémoc,19.382889,-99.158352,50.64575880165108,57.79721707631723
300,CE-300 Providencia -Luz Saviñón,19.393228574754442,-99.16839435702059,66.92233609525124,84.93830962491128
074,CE-074 Nuevo León - Ozulama,19.410468,-99.172802,158.90765793900843,77.89867814779922
042,CE-042 Sinaloa - Valladolid,19.420603,-99.168239,92.00792781276219,103.00094978098197
076,CE-076 Chilpancingo - Campeche,19.4087182,-99.1699442,98.1366079891904,65.86193259399612
064,CE-064 Sonora - Ámsterdam,19.412967269545486,-99.16692517703268,264.942993305475,93.25760848483168
056,CE-056 Alvaro Obregón - Medellin,19.417102,-99.165607,176.78093937677986,116.73024231177205
071,CE-071 Amsterdam - Michoacan,19.411361,-99.171271,107.92378785484489,58.970345062419696
083,CE-083 Alfonso Reyes - Nuevo León,19.40655,-99.172275,77.76172581278446,63.44494372706889
081,CE-081 Aguascalientes - Insurgentes,19.407927,-99.168734,88.42331931146113,69.0025647299846
079,CE-079 Saltillo - Alfonso Reyes,19.407548521979454,-99.17434785516434,98.89771808575307,58.88029243121199
128,CE-128 Orizaba-Río de Janeiro,19.422148,-99.160645,109.00957845285508,98.55856068271945
049,CE-049 Mazatlán - Juan de la Barrera,19.41689,-99.17562,105.63735854836415,70.74172667699834
066,CE-066 Mazatlán - Francisco Márquez,19.411825,-99.178456,127.96251278849608,53.864936585885765
040,CE-040 Oaxaca - Puebla,19.42235098990008,-99.16417356581859,114.92352898372246,90.3350172499906
053,CE-053 Fernando Montes de Oca - Tula,19.4148233,-99.1783527,155.84809585316899,35.43491458087525
046,CE-046 Durango - Salamanca,19.419178,-99.169949,122.47451342394841,109.83784334363813
447,CE-447 Agustín Melgar-Zamora,19.418879,-99.176854,96.49562395067034,45.56645103007774
060,CE-060 Mazatlán - Fernando Montes de Oca,19.414099314684794,-99.17715847497675,104.0034685187561,51.42544309494265
302,CE-302 Luz Saviñón-Magdalena,19.393914210245562,-99.1716746986458,125.99529444567872,70.50140601311011
070,CE-070 Parque México - Michoacán,19.4113523,-99.1698939,132.59147344025578,71.77435706651934
125,CE-125 Morelia-Circular de Morelia,19.424197,-99.156127,98.27980410697116,106.3764183571707
100,CE-100 20 de Noviembre-Mesones,19.428485,-99.1338,42.15966211631914,127.22019849881606
105,CE-105 San Jerónimo-5 de Febrero,19.426755,-99.135014,28.917881822598392,117.52286408497751
102,CE-102 Echeveste-Bolivar,19.428214,-99.139494,48.443746534804184,90.546888472802
097,CE-097 República de Salvador-Pino Suárez,19.429189,-99.132759,52.14610388470571,127.17894726495112
099,CE-099 Ernesto Pugibet-Luis Moya,19.429947,-99.14591,78.0355359637476,99.86564509331994
107-108,CE-107-108 Tolsa-Balderas,19.427305,-99.149533,158.96692692201216,131.4405296042819
122,CE-122 José María Vértiz-Av. Dr. Río de la Loza,19.425502,-99.146337,39.39238560661183,68.57854118014215
029,CE-029 Reforma - Bucareli,19.434944,-99.150295,195.43736020183562,137.4202723021178
110,CE-110 Dr. Valenzuela-Dr. Río de la loza,19.425126,-99.143391,63.46874291211185,79.5323279629861
093,CE-093 Palma Norte-República de Cuba,19.436741,-99.134811,40.74548035653202,108.04553671841585
091,CE-091 Republica de Cuba-Allende,19.4374,-99.137571,53.44013156536638,102.3005997464672
112,CE-112 Av. Morelos-Abraham González,19.432819,-99.151734,95.58374140530098,113.98891030756748
065,CE-065 Marconi - Tacuba,19.436522,-99.139811,71.39571758792046,145.36220892324636
088,CE-088 2a Cerrada de 5 de Mayo - Palma,19.433757,-99.135331,52.1044887763883,132.02968127158334
003,CE-003 Reforma - Insurgentes,19.43163,-99.158547,115.83930314761824,162.2432991739657
109,CE-109 Nezahualcóyotl-Isabel la Católica,19.425311,-99.137421,40.33050800441787,128.63891050275095
113,CE-113 General Prim-Versalles,19.430369,-99.154419,88.54054092348812,100.07648478236742
123,CE-123 Claudio Bernard-Dr. Lavista,19.424161,-99.153117,126.97063970477303,153.11032240665594
259,CE-259 Tómas Alva Edison-Ponciano Arriaga,19.437569,-99.15468,75.47371012328072,132.74470084871322
016,CE-016 Reforma - Río Tiber,19.4267528,-99.16861944,153.76004146200046,127.58545110333438
025,CE-025 Reforma - Estocolmo,19.427338,-99.16672,119.93196945511701,102.79762884076794
116,CE-116 Londres-Roma,19.428985,-99.15664,150.16016745380162,105.7434088275688
019,CE-019 Reforma - Río Rhin,19.429453,-99.16283,177.19492610518543,141.25517796602233
005,CE-005 Río Pánuco Río Tiber,19.4298428,-99.1693702,137.9569202297811,103.99298621062258
261,CE-261 Paseo de la Reforma-Río de la Plata,19.42491,-99.172455,81.4561942631707,126.44053152976144
263,CE-263 Sadi Carnot - Gómez Farias,19.436274,-99.158425,48.51600465966833,79.74362276005249
111,CE-111 Guillermo Prieto - Joaquín Velázquez de León,19.438197,-99.165918,148.96863327004476,58.699699345031895
265,CE-265 Mina - Jesús García,19.440839,-99.152265,43.84862160912841,65.7681120331688
264-275,CE-264-275 Héroes Ferrocarrileros - Jesús Garcia,19.440985,-99.152935,30.93985623974434,75.34994642503911
255,CE-255 José Rosas Moreno-Guillermo Prieto,19.437118,-99.161862,100.63819270199485,56.66017850698165
268-269,CE-268-269 Luis Donaldo Colosio - Av. Jesús García,19.442467,-99.151658,76.40403263998722,68.7485462123776
007,CE-007 Río Elba - Río Lerma,19.42528,-99.175106,178.25722617019213,108.547957382638
254,CE-254 Alfonso Herrera-Miguel Shultz,19.439177,-99.159957,85.95582364028742,73.19636364428038
115,CE-115 Roma-Dinamarca,19.429924814772583,-99.15965178055556,141.63237753575694,107.25993077352159
273-274,CE-273-274 Luis Donaldo Colosio - Av. Jesús García,19.442707,-99.152956,155.40928272570943,101.53839752345858
035,CE-035 Liverpool - Génova,19.424558,-99.163518,120.65144814038175,152.79305814680626
012,CE-012 Río Lerma - Villalongín,19.432223,-99.161686,96.77916359926124,98.2438817984126
006,CE-006 Río Pánuco - Río Sena,19.430963,-99.166986,133.73199476224156,119.02409076225581
132,CE-132 Colima-Frontera,19.420667,-99.15645,87.49586151240615,129.16591932306568
144,CE-144 Frontera-San Luis Potosí,19.415192,-99.154837,79.23267117776157,101.62732316110636
147,CE-147 Coahuila-Orizaba,19.412182,-99.158443,80.9321608912722,70.22791772062729
271-272,CE-271-272 Jesús García - Carlos J. Meneses,19.443684,-99.152465,357.70233393932347,70.64189437481453
002,CE-002 Río Guadalquivir - Río Nazas,19.430495377066244,-99.17115971451493,95.2636817798715,103.92210330528339
137,CE-137 Álvaro Obregón-Mérida,19.418782,-99.157081,109.29464986210228,94.86741300283299
139,CE-139 Tonalá-Guanajuato,19.416128,-99.162097,151.55607078727033,99.50831442409621
190,CE-190 Gobernador Ignacio Esteva-Maestro José Vasconcelos,19.409577,-99.183818,112.1864856882248,69.10586175840177
185,CE-185 General Antonio Léon-General Pedro Antonio de los Santos,19.412776,-99.182805,113.53664254553325,79.81575661802056
228,CE-228 Campos Elíseos-La Fontaine,19.427705,-99.19912,73.8512862874988,49.35967639804484
220,CE-220 Plinio-Presidente Masaryk,19.432655,-99.205727,39.03522407905611,32.44984820288175
204,CE-204 Temístocles-Homero,19.435882,-99.19152,81.38781135468193,55.55384495450125
199,CE-199 Anatole France-Av. Ejército Nacional,19.437934,-99.197241,43.831798919560626,52.33340611044546
247,CE-247 Herschel-Rousseau,19.432276,-99.18064,66.56178778599524,76.22555632457934
158-159,CE-158-159 Huatabampo-Eje 1 Pte. Av. Cuauhtémoc,19.407517,-99.155373,202.0369866206793,120.78278427215297
207,CE-207 Torquato Tasso-Homero,19.434861,-99.183322,77.1100923732231,52.832292788878846
222,CE-222 Alejandro Dumas-Presidente Masarik,19.431417,-99.195774,98.1593447026275,93.82460013671607
216,CE-216 Alejandro Dumas-Horacio,19.433419,-99.195746,59.70527121357802,71.13190688428416
212,CE-212 Hegel-Horacio,19.433863944714325,-99.18809428821986,120.68307330110034,41.2971840561099
140,CE-140 Mérida-Zacatecas,19.416596,-99.156879,88.81126401863766,95.87595392407009
229,CE-229 Carlos Dickens-Séneca,19.430515,-99.203331,51.30432807343636,49.94004813781386
231,CE-231 Isaac Newton-Aristóteles,19.429711892530808,-99.19357940565533,70.1501709412419,98.17000446679647
460,CE-460 Juan Vázquez De Mella-Homero,19.43716476942747,-99.20793056498951,82.05415954229679,50.51742017235143
214,CE-214 Platón-Horacio,19.434353,-99.20322,54.86318477513151,58.75248265464406
218,CE-218 Hegel-Ibarbourou,19.432451,-99.188033,65.38591042404492,62.12352653556057
243,CE-243 Lago Filt-Miguel de Cervantes Saavedra,19.441123,-99.195857,83.41476187087467,37.50722067512502
192-193,CE-192-193 Rubén Darío.Reforma,19.425907,-99.190733,162.09906897510203,76.37456507642358
464,CE-464 Mateo Alemán-Prolongación Moliere,19.442421,-99.199838,104.6430805212531,53.25477145528013
195,CE-195 Reforma-Circuito Mahatma Gandhi,19.424858,-99.185181,144.54017430058713,72.17849888180808
120,CE-120 Marsella-Nápoles,19.425437,-99.159458,96.9391992562437,104.75831000463864
143,CE-143 Córdoba-San Luis Potosí,19.414303,-99.157542,85.28045702188743,99.3162725307207
150,CE-150 Campeche-Medellín,19.4098481,-99.164553,131.26643408445452,90.30596711849884
161,CE-161 Quintana Roo-Manzanillo,19.405533,-99.164913,58.73363000717418,67.09055211997786
031,CE-031 Hamburgo - Insurgentes,19.427922277979096,-99.16124593467885,208.4625336809587,137.88340999536163
280,CE-280 Anaxágoras-Obrero Mundial,19.4015,-99.156406,84.06697295737025,79.35424236837385
032,CE-032 Londres - Sevilla,19.42268552552878,-99.16998323054486,174.71403991534925,103.68751193844929
118,CE-118 Liverpool-Dinamarca,19.427171,-99.158108,96.60703318415833,88.72546494218734
134,CE-134 Álvaro Obregón-Orizaba,19.418286,-99.159932,199.97389228866902,91.25555709258934
033,CE-033 Londres - Florencia,19.424187,-99.166497,122.06810264130549,94.15385615181907
165,CE-165 Bajío-Eje 2 Pte. Monterrey,19.404268,-99.160503,99.4700096341149,49.105343964945476
179,CE-179 Nuevo León-Quintana Roo,19.404435569698265,-99.17138099675866,83.04934914898693,83.73555439664736
293,CE-293 Mier y Pesado-Eje 4 Sur Xola,19.397373,-99.164598,44.20780697251837,89.35598002602028
037,CE-037 Guadalajara - Puebla,19.4204342,-99.1725775,135.34470849942682,104.48124916960542
156,CE-156 Tepic-Ario,19.406959,-99.163021,69.11780775472593,63.40235846544375
285,CE-285 12 de Octubre-Minería,19.399763,-99.177538,60.024348540023155,62.76127837603481
131,CE-131 Colima-Jalapa,19.419579,-99.161314,118.39768802261622,93.5449636475354
030,CE-030 Hamburgo - Amberes,19.426099760030304,-99.16493654251099,153.1914150048949,92.54992987876567
057,CE-057 Cuernavaca - Juan Escutia,19.414968,-99.174766,62.99708329713347,56.51092837217752
058,CE-058 Parque España - Juan de la Barrera,19.415358,-99.171902,80.27291516072002,61.30975023875032
175,CE-175 Mutualismo-José Martí,19.400599004903363,-99.17245991533491,109.99622799529138,76.22195763754415
148,CE-148 Coahuila-Av. Cuauhtémoc,19.412829,-99.155116,58.59001370449511,63.35882062741097
177,CE-177 Benjamín Hill - Carlos Zetina,19.408841,-99.181692,58.64219104305299,51.799061311874986
166,CE-166 Progreso-Cda. Antonio Maceo,19.406069,-99.183549,105.34075091207826,64.31453899364796
241,CE-241 Ejército Nacional-Juan Vázquez de la Mella,19.43869310388943,-99.20757338410112,52.344164649176264,51.974974624922496
173,CE-173 Minería-José Martí,19.401682,-99.176398,97.06814614754613,49.52363228400406
126,CE-126 Jalapa-Puebla,19.422288,-99.162138,115.14339253415007,97.73560461242944
127,CE-127 Puebla-Merida,19.423318,-99.15833,73.87648048168994,111.70149350555144
180,CE-180 Quintana Roo-Villahermosa,19.404554,-99.169953,103.01196237252576,128.1570223642898
467,CE-467 Lago Mayor-Lago Alberto,19.440399,-99.186784,83.35365421549704,36.14601446476982
167,CE-167 General Salvador Alvarado-Progreso,19.404608864422567,-99.1794095188925,83.19624976678722,80.49301849254019
196,CE-196 Lago Tanganica- Av. Ejército Nacional,19.438349,-99.192904,44.32266603121823,61.773205178910935
152,CE-152 Tlacotalpan-Campeche,19.409098,-99.167181,100.94735032294285,133.26137385033292
200,CE-200 Emerson-Av. Ejército Nacional,19.437596,-99.188785,69.16160645872249,48.63784355124683
461,CE-461 Presa Don Martín-Boulevard Miguel De Cervantes Saavedra,19.440106,-99.210031,94.639733949994,66.19030777136086
454,CE-454 Montes Urales-Monte Pelvoux,19.425905,-99.204236,62.4743574324086,56.17143480087219
466,CE-466 Lago Onega-Lago Ladoga,19.44269,-99.19083,93.25016290488453,48.225524660253114
213,CE-213 Solón-Cicerón,19.434366028509015,-99.206306487431,39.99155106039312,36.91677600681361
157,CE-157 Tepic-Tlacotalpan,19.406236,-99.166616,62.60990036985189,69.75005736194774
456,CE-456 Alpes-Montes Escandinavos,19.427517,-99.208412,53.64921072294807,56.4920867292302
459,CE-459 Volcán-Montes Urales,19.429323620268587,-99.2071587592636,80.18525418110616,74.35138603373058
457,CE-457 Av. Prado Norte-Explanada,19.42703,-99.212845,50.827937471798414,52.85460902272822
283,CE-283 Av. Coyoacán-Rafael Dondé,19.397923,-99.167248,43.4254436915693,68.38756098873002
294,CE-294 Nicolás San Juan-Eje 4 Sur Xola,19.39644167553825,-99.16090227668974,46.43473087453408,69.11400749448524
278,CE-278 Mier Y Pesado-Obrero Mundial,19.40071,-99.163831,48.1816962529124,57.40750578508342
282,CE-282 La Morena-Eje 2 Poniente Gabriel Mancera,19.398719270170474,-99.16128046816084,66.92158075235668,58.16886679412054
320,CE-320 Enrique Rébsamen-Luz Saviñón,19.391374,-99.159327,56.91574605818178,90.95112060417382
044,CE-044 Durango - Veracruz,19.418222661839696,-99.17461395263672,80.61173984301469,104.14372403350659
114,CE-114 Lucerna-Abraham González,19.428989,-99.153618,89.78005883593215,84.10059998765075
322,CE-322 Heriberto Frías-Concepción Beistegui,19.388456876549792,-99.16064277296753,32.13241061026571,62.47104867106645
318,CE-318 Luz Saviñón-Amores,19.392195,-99.163987,50.55470228151409,70.00246549112099
009,CE-009 Río Guadalquivir - Río Lerma,19.428184,-99.170013,92.91132020862976,128.40720697937223
234,CE-234 Tres Picos-Arquímides,19.42786220267939,-99.1914046928423,69.83634747591246,52.930438275404114
339,CE-339 Enrique Rébsamen-Avenida Eugenia,19.386212,-99.160583,29.462577806342136,57.28795665022086
188,CE-188 Gobernador Melchor Múzquiz-Gobernador Ignacio Esteva,19.411711,-99.190139,88.68646613084213,109.2130499363022
298,CE-298 Romero de Terreros-Gabriel Mancera,19.394092,-99.162139,51.27767604252001,81.11896485729682
189,CE-189 Gobernador Rafael Rebollar-Gobernador José Ceballos,19.410046050731914,-99.18795973067971,57.13183158178481,47.729820004961134
249,CE-249 Shakespeare-Darwin,19.42988388240091,-99.1775936633894,56.405044487468146,63.06600372008869
043,CE-043 Revillagigedo - Juárez,19.4351365,-99.1460756,204.99150713914426,94.72376944578889
469,CE-469 Bahía de la Concepción-Bahía de Todos Los Santos,19.434183,-99.173089,48.86505369570646,41.65889918837912
472,CE-472 Bahía de Santa Bárbara-Bahía de Ballenas,19.437667,-99.17711,61.49194486448761,81.0406540942305
048,CE-048 Independencia - Azueta,19.433705,-99.146665,92.31477176952939,151.41405104685097
181,CE-181 Benjamín Franklin - Ometusco,19.404825166337652,-99.17472235863897,74.02207914933454,103.48367038052926
246,CE-246 Leibnitz-Thiers,19.434147,-99.179835,59.26679417414048,66.12701224543564
479,CE-479 Lago Muritz-Av.Marina Nacional,19.444433,-99.179664,35.66291010596665,83.46748867512603
281,CE-281 Pitágoras-La Morena,19.398532,-99.157308,87.96782519178352,61.88696409594986
480,CE-480 Lago Iseo-Av. Marina Nacional,19.446073,-99.181654,106.94204894396384,83.1901257077406
041,CE-041 Reforma - Av. de la República,19.43542,-99.150317,174.6781635009629,120.4232433754555
226,CE-226 Wallon-Presidente Masaryk,19.4310009,-99.1821808,83.86039568808651,83.8399988599321
468,CE-468 Lago Xochimilco-Av. Ejército Nacional,19.437250121513653,-99.1795731336424,54.92694793549236,46.71362817458341
256,CE-256 Gómez Farías-Sadi Carnot,19.437128,-99.158363,110.68947727623659,78.42098831075394
119,CE-119 Turín-Abraham González,19.4268522887659,-99.1556279361248,127.51710193942513,85.96859582990022
475,CE-475 Lago Muritz-Lago Alberto,19.439249,-99.181065,98.33955036653572,49.42666078469059
010,CE-010 Reforma - Ramírez,19.433431,-99.155142,176.48384926931976,122.71377831287221
450,CE-450 Ramos Arizpe- Av México Tenochtitlan,19.43832573320297,-99.15223784747468,88.32602786476951,117.13182213649138
555,CE-555 Ribera de San Cosme - Insurgentes Centro,19.44021597,-99.1561678,239.35430241596427,86.55832241658719
270,CE-270 De la República-Ponciano Arriaga,19.436764,-99.153865,156.6029922207887,143.60401918294048
248,CE-248 Shakespeare-Lafayette,19.43175,-99.177399,69.10962732681932,57.56215595706388
476,CE-476 Lago Como-Laguna de Mayrán,19.442127,-99.184433,140.11530083720334,51.993162640985354
174,CE-174 Joaquín Garcia Icazbalceta-Ignacio Manuel Altamirano,19.441133258345886,-99.16170336308824,168.9955737337192,99.32198856915521
237-238,CE-237-238 Andrés Bello-George Eliot,19.426744,-99.193986,232.9116085224134,66.32073974451158
124,CE-124 Claudio Bernard-Dr. Liceaga,19.422392,-99.150358,83.58509475636983,111.50299300750441
082,CE-082 Independencia - Marroquí,19.433344,-99.14404,106.83209266773392,109.04518046745102
262,CE-262 República de Cuba-República de Brasil,19.436931,-99.133952,51.92680569856207,89.74378583732476
235-236,CE-235-236 Campos Elíseos-Moliere,19.429417,-99.202353,103.47679841043248,60.52487387655733
104,CE-104 San Jerónimo-Isabel la Católica,19.427059,-99.137116,39.58800946377714,131.8527958166365
136,CE-136 Álvaro Obregón-Tonalá,19.417715,-99.162729,130.64766108927654,114.26935000267297
183,CE-183 Gabino Barreda-Guillermo Prieto,19.437665,-99.164018,121.23092254835267,58.81391199013769
095,CE-095 20 de Noviembre-Venustiano Carranza,19.430682555945197,-99.1337009892004,65.7326916629601,91.17796670463986
036,CE-036 Puebla - Veracruz,19.41966,-99.17588,171.34830280412024,86.49445188000946
063,CE-063 Nuevo León - Laredo,19.413091238892452,-99.1716201604504,89.77269137902682,77.08468433643019
087,CE-087 Gante - Venustiano Carranza,19.432024,-99.139705,112.68339332205421,178.8183239285303
020,CE-020 Reforma- Río Támesis,19.43086152710901,-99.16025899353372,137.9377303464604,143.1477703594764
015,CE-015 Reforma - Río Mississippi,19.425597,-99.171409,159.60317508816627,114.90368112986124
075,CE-075 Alfonso Reyes - Atlixco,19.408740687234836,-99.17677424853537,94.81713576484113,60.09860870272372
017,CE-017 Reforma - Río Tiber,19.427553,-99.167396,176.3026903017762,112.48340618880182
080,CE-080 Nuevo León - Aguascalientes,19.407239898913133,-99.17207747708744,104.57135860848233,83.03227449471264
023,CE-023 Reforma - Praga,19.42528,-99.171099,110.8511721100439,132.0193887421985
085,CE-085 Rosas Moreno - Sullivan,19.434059327049166,-99.16243817658597,107.57407986435805,71.99253005221567
014,CE-014 Reforma - Río de Plata,19.42454,-99.173247,233.87331743559838,132.56951257418385
135,CE-135 Álvaro Obregón-Morelia,19.419250969141167,-99.15503863246612,104.50244516615814,90.79602310493523
089,CE-089 República de Guatemala - Monte de Piedad,19.434962,-99.133729,44.058401991950404,99.71035437133425
133,CE-133 Colima-Morelia,19.421138,-99.154725,114.0543582509547,98.51731851863373
141,CE-141 Zacatecas-Luis Cabrera,19.415905,-99.15954,156.91854218008436,95.77230659224011
092,CE-092 San Ildefonso-República de Argentina,19.436531,-99.131497,72.21158383142799,103.34295731920166
470,CE-470 Bahía de Las Palmas-Bahía de Todos Los Santos,19.435039,-99.173879,59.65010513832008,44.38953147532443
239,CE-239 Rincón del Bosque-Ruben Darío,19.430153,-99.181355,75.45627166714482,70.63200114600313
656,CE-656 Ignacio Allende - Paris,19.3543111,-99.1624361,31.72891952458793,63.307984154995296
305,CE-305 Avenida del Parque-Arizona,19.394693,-99.175531,89.83306865752182,85.67274106130351
121,CE-121 Niza-Chapultepec,19.424178,-99.16115,136.23764230463814,111.7586459374281
027,CE-027 Reforma- Havre,19.42916,-99.162703,301.76271341032026,147.1141388010264
252,CE-252 Víctor Hugo-Shakespeare,19.427575,-99.17702,73.77077708553433,84.71287524188034
251,CE-251 Goethe-Darwin,19.429261,-99.17538,45.74931253381745,64.4371651549406
117,CE-117 Londres-Nápoles,19.427166592327957,-99.16029106826954,126.48632975953888,111.33964669347752
250,CE-250 Darwin-Mariano Escobedo,19.428949,-99.179796,91.62365039760947,50.418535737483424
217,CE-217 Euler-Horacio,19.432850919536445,-99.18354526173061,150.06189334940694,78.35021873651365
224,CE-224 Hegel-Presidente Masaryk,19.431115,-99.188082,84.39340933722957,70.72366932973614
215,CE-215 Edgar Alan Poe-Horacio,19.43384,-99.19968,49.43243308808224,73.77313914842544
202,CE-202 Calderón de la Barca-Av. Homero,19.436064,-99.198898,41.59618586004202,68.23890719355158
240,CE-240 Ejército Nacional-F.C. de Cuernavaca,19.438634297233477,-99.20629061763975,33.144847404411564,44.98394749803228
047,CE-047 Plaza Madrid-Medellín,19.419506460644055,-99.16636526590081,172.19010119520783,110.81028528514845
258,CE-258 Circuito Interior-Juan Escutia,19.4165298,-99.1790435,68.34287206870827,37.926496400254386
011,CE-011 Río Amazonas - Río Lerma,19.431192,-99.163546,98.92964191580954,112.4049051391943
001,CE-001 Río Sena-Río Balsas,19.4337846,-99.1679872,218.24273970478978,73.74057045415334
103,CE-103 Joaquín Velázquez de León - García Icazbalceta,19.441533,-99.165268,65.02737531653194,53.76721895054986
013,CE-013 Reforma - Río Mississippi,19.424941,-99.17233,86.27854332502456,123.91257450092996
018,CE-018 Reforma - Río Rhin,19.428802,-99.164381,222.74444750203236,122.95865473528116
038,CE-038 Cozumel - Puebla,19.420862316439543,-99.17145028710365,247.09144609236236,107.94315309622853
449,CE-449 Acapulco-Puebla,19.420281,-99.174392,142.9422419414041,109.04002694236311
028,CE-028 Toledo- Tokio,19.423664,-99.172568,200.70303753493613,143.28875820120084
034,CE-034 Liverpool - Génova,19.42472751913646,-99.16334755721435,125.68449683671912,144.30578851207838
232,CE-232 Taine - Rubén Darío,19.42894,-99.185389,74.96439963447543,29.551632875421067
227,CE-227 Campos Elíseos-Periférico,19.431783492215445,-99.20738060028725,43.9645586816489,49.391117206897555
211,CE-211 Isaac Newton-Horacio,19.43385,-99.188275,129.18900227874443,40.25631149476352
478,CE-478 Laguna de Mayrán-Lago Chalco,19.440818,-99.176961,60.2413966254359,57.22678264510373
474,CE-474 Bahía de San Hipólito-Bahía del Espíritu Santo,19.438984,-99.177549,123.70568494142496,79.793364296193
176,CE-176 Av. Jesús García-Luis Donaldo Colosio,19.442717,-99.152262,47.1775066661445,118.9259270318654
244,CE-244 Lago Victoria-Miguel de Cervantes Saavedra,19.440508,-99.193681,45.9523274728154,46.81756236258341
219,CE-219 Esopo-FC de Cuernavaca,19.433364,-99.207553,85.53578457179061,37.09834269286746
465,CE-465 Lago Ginebra-Lago Wetter,19.445039,-99.194078,139.04197624676348,50.66818904336763
257,CE-257 Manuel Maria Contreras-Villalongin,19.433803,-99.166223,159.37609727406542,105.26343862825608
455,CE-455 Pedregal-Ferrocarril De Cuernavaca,19.426308,-99.2033,96.20738374603086,62.8689367230075
266-267,CE-266-267 Jesús García - Carlos J. Meneses,19.444031,-99.152187,147.9345643842793,92.8951334535733
201,CE-201 Lope de Vega-Av. Ejército Nacional,19.437496732030738,-99.18721206491682,65.88842436416499,50.63924434532842
208,CE-208 Hesiodo-Lamartine,19.434182,-99.189835,291.4529847425748,89.02903532285656
221,CE-221 Emilio Castelar-Presidente Masaryk,19.431799,-99.201565,62.77075421601376,57.50512927706305
210,CE-210 Eugenio Sue-Horacio,19.434076,-99.194091,83.82024402760227,42.04059157471073
021,CE-021 Reforma - Dublín,19.424809702659765,-99.1717654466629,89.6240879280652,122.23291222975742
206,CE-206 Homero-Moliere,19.436142,-99.200996,108.6942661564186,58.40500559717828
086,CE-086 Sullivan-Insurgentes,19.432452,-99.15924,162.76212490725783,142.82874862204915
233,CE-233 Julio Verne-Luis G. Urbina,19.429314,-99.196965,83.36458412200001,91.34569362376999
451,CE-451 Campos Elíseos-Goldsmith,19.428847,-99.201299,58.69593542633432,59.07689412073418
008,CE-008 Reforma - General Prim,19.431256,-99.158153,81.1059926772714,149.63801263746564
223,CE-223 Isaac Newton-Presidente Masaryk,19.431242,-99.191613,117.9660401271945,69.4070182129683
668,CE-668 Plateros - Capuchinas,19.367522,-99.181727,108.63094979352314,96.21515335510936
242,CE-242 Pról. Moliere-Miguel de Cervantes Saavedra,19.44002672090815,-99.20071095250022,186.10514629435016,74.58576210887217
050,CE-050 Cuernavaca - Veracruz,19.41682441224743,-99.17378827934954,77.87773416246453,91.04201224968538
145,CE-145 Yucatán-Chiapas,19.41286,-99.160661,137.2447418757309,95.44630867063931
142,CE-142 San Luis Potosí-Eje 2 Pte. Monterrey,19.41325186264067,-99.16412428026888,149.1481769580728,97.3467345823733
155,CE-155 Jalapa-Tlaxcala,19.408218,-99.159911,106.3768250759315,45.04672520436357
225,CE-225 Petrarca-Presidente Masaryk,19.431172,-99.185612,83.59251497937191,68.09049258012135
553,CE-553  Jaime Torres Bodet - Ribera de San Cosme,19.442,-99.1593333,149.93145190576868,97.93220841646573
051,CE-051 Colima - Oaxaca,19.418031,-99.168435,105.31864218124635,113.12437454682514
170,CE-170 Observatorio Oriente-Revolución,19.404029,-99.184342,102.4048640729536,48.57414415481621
452,CE-452 Leibnitz-Av. Ejercito Nacional,19.435867,-99.179856,52.09238532629705,63.01610485206692
552,CE-552 Fresno - Ribera de San Cosme,19.4431081,-99.1624537,76.98524487755006,78.50918011695687
130,CE-130 Mérida-Durango,19.421576,-99.158015,92.12992428920377,107.6188262483985
062,CE-062 Fernando Montes de Oca - Amatlan,19.41331637033966,-99.17530506854746,68.55277879619179,57.24198301823221
061,CE-061 Avenida México - Sonora,19.413832444192096,-99.16939929138606,142.4260903640026,73.26178984074464
129,CE-129 Tonalá-Durango,19.4206,-99.163312,100.64130386941513,110.91649824623929
068,CE-068 Tamaulipas - Michoacán,19.41166825384696,-99.17382381861898,147.52726902996787,77.26144659970642
448,CE-448 Dr. Andrade-Arcos De Belén,19.426611,-99.14447,65.27981476494443,125.30109076835767
253,CE-253 Dante-Tolstoi,19.42644758104329,-99.17815290396902,104.99440554051094,58.809818454119004
487,CE-487 Nopaltzin - Quetzalcoatl,19.441728,-99.167477,52.46305116150205,50.931830982475
554,CE-554 Heroes Ferrocarrileros - Mariano Azuela,19.4417473,-99.155639,71.73153763029413,89.33684647873378
151,CE-151 Campeche-Tonalá,19.410529,-99.160873,118.52708230181096,72.78116184468328
550,CE-550 Sor Juana Ines de la Cruz - Fresno,19.445947026056686,-99.16137836878987,77.95139210644521,68.22492255143361
551,CE-551 Nogal - Ribera de San Cosme,19.4435806,-99.1648833,87.55177535596908,54.44124873509711
549,CE-549 Sor Juana Ines de la Cruz - Dr. Atl,19.4450444,-99.1571333,98.62207617167908,78.46420732327664
162,CE-162 Tehuantepec-Medellín,19.404907,-99.162485,85.82942022988352,40.48418449910017
024,CE-024 Reforma- Florencia,19.426614,-99.168078,117.72765107200871,147.25702122757633
026,CE-026 Reforma - Versalles,19.432595,-99.154995,101.08614902192845,131.72756247478495
191,CE-191 Gobernador Rafael Rebollar-Gobernador Vicente Eguía,19.40796,-99.187901,68.98222191787512,72.09885500728815
045,CE-045 Durango - Sonora,19.418749,-99.171942,157.9812850835633,112.18467232472416
052,CE-052 Hidalgo - Trujano,19.436208,-99.141931,208.95890085088246,177.39236653256535
286,CE-286 13 de Septiembre-Avenida Patriotismo,19.399201,-99.179943,89.8955103132931,69.01422781412943
160,CE-160 Alfonso Herrera-Gabino Barreda,19.440252,-99.163455,87.32964671339316,78.6413464937549
194,CE-194 Circuito Mahatma Gandhi-Reforma,19.424282,-99.180334,228.77714953062343,75.63027480806925
659,CE-659  Madrid - Avenida Mexico,19.3564861,-99.1694556,42.410288754884846,32.63192634622963
096,CE-096 López-Ayuntamiento,19.430625,-99.14248,123.02002888442095,160.04500102118365
667,CE-667 Hermes - Mosqueta,19.363955445342725,-99.1807891801136,41.863830218129934,67.30330253961822
084,CE-084 Chilpancingo - Tlaxcala,19.406872,-99.169572,112.1712066368122,134.69966995148323
660,CE-660 Josefa Ortiz de Dominguez - Circuito Interior,19.3580028,-99.1701056,55.37600165303686,46.627632268542925
168,CE-168 Comercio-Progreso,19.403997,-99.1776,69.99529967220167,51.78230268049978
670,CE-670 Felix Parra - Flamencos,19.3676,-99.1849917,26.9730778463244,52.58941848652352
154,CE-154 Tuxpan-Tlaxcala,19.406511,-99.1678974,203.00803764523093,120.99263292207114
658,CE-658 Vicente Guerrero - Berlín,19.355339,-99.165613,30.447564564576705,52.41946238137334
657,CE-657 Madrid - Centenario,19.3574361,-99.1637944,38.148860572147626,42.39621897417446
184,CE-184 General Gómez Pedraza-Gobernador Tiburcio Montiel,19.414793,-99.185083,65.1245902812662,44.446794749250856
153,CE-153 Manzanillo-Tlaxcala,19.4074919,-99.1651437,56.231998758853244,58.78811305913013
077,CE-077 Choapan - Tamaulipas,19.406745,-99.178272,115.41733997277129,92.67537126785366
073,CE-073 Campeche - Tamaulipas,19.410073,-99.175542,110.90412594318687,72.87936890288034
078,CE-078 Benjamín Hill - Tamaulipas,19.407512,-99.177361,78.36214714925613,63.020619864659864
163,CE-163 Toluca-Bajío,19.405246,-99.15643,100.4588442655167,113.11523133419844
054,CE-054 Parque España - Sonora,19.416163,-99.170795,136.1200862062563,77.2575706277916
169,CE-169 Prosperidad-Progreso,19.403019,-99.174934,105.52400867063585,76.16218575843031
430,CE-430 Tripoli-Av. Popocatépetl (Eje 8),19.36205,-99.154976,44.57713649846614,51.35807118801581
171,CE-171 Comercio-Jose Martí,19.40253247789727,-99.1782025248358,71.28801173588074,45.89760655874121
309,CE-309 Pensilvania-Arizona,19.393059,-99.179483,57.03539944725085,52.22026878778658
182,CE-182 Progreso-Astrónomos,19.402028398340054,-99.17129248386118,189.1677063028315,96.56405836964639
331,CE-331 Avenida 2-Calle 17,19.388748,-99.183924,58.03809284134295,69.0031565393697
279,CE-279 La Morena-Providencia,19.399908,-99.166553,40.548488602001925,51.12369803922725
187,CE-187 General Cano-Gobernador Gregorio V. Gelati,19.411227,-99.185514,65.73647504934658,43.83350161515447
291,CE-291 Magdalena-División Del Norte,19.397651,-99.169946,116.41931195179637,125.99486483179473
297,CE-297 Diagonal San Antonio-Enrique Rébsamen,19.394412,-99.158907,36.13130566778636,51.295099470752724
310,CE-310 Calle 1-Av. Patriotismo,19.395316464981526,-99.18172560637684,100.16149800401767,70.65709401144396
314,CE-314 Nueva York-Louisiana,19.391647,-99.177331,39.76336948036305,65.23048330697569
351,CE-351 Calle 27-Avenida Revolución,19.385751,-99.186297,73.65367340061825,70.621655430126
319,CE-319 Diagonal San Antonio-Luz Saviñón,19.391991,-99.162684,55.841213245759434,56.603691733171445
329,CE-329 Calle 13-Avenida 1,19.390306,-99.184812,86.96976186665428,71.56670058607493
164,CE-164 Bajío-Tlacotalpan,19.4032285,-99.1658539,116.56750563432944,53.67541160446032
295,CE-295 Anaxágoras-Eje 4 Sur Xola,19.396505,-99.156877,81.54486534335,124.80132712008137
336,CE-336 San Borja-Cda. Dr. J. Bartolache,19.385531,-99.169673,53.62105932742929,42.37516066318819
296,CE-296 Diagonal San Antonio-Enrique Rébsamen,19.394283,-99.158756,57.809073687821055,50.338895743724706
323,CE-323 Concepción Beistegui-Gabriel Mancera,19.388986312246836,-99.1632449628014,77.56131551289779,75.69042136071832
340,CE-340 Anaxágoras-Avenida Eugenia,19.385625037771153,-99.15819257503244,100.72965376445099,133.3084595949787
669,CE-669 Los Juarez - Sagredo,19.37076863433144,-99.1873613745247,62.44854603772439,72.25246247303993
209,CE-209 Solón-Horacio,19.435478,-99.206359,72.53623772418652,44.723620674708094
317,CE-317 Avenida Coyoacán-Torres Adalid,19.391456,-99.166157,110.53512638821368,85.7410871034714
299,CE-299 Romero de Terreros-Mier Y Pesado,19.394601,-99.165054,78.9478349239398,68.85438085707882
276,CE-276 Anaxágoras-Obrero Mundial,19.401986,-99.156366,63.890532498462974,86.5947388127141
090,CE-090 José María Pino Suárez - Corregidora,19.43144,-99.132513,27.72680987019176,130.11333395011144
304,CE-304 Montecito-Dakota,19.395043,-99.173821,58.83395356240871,80.05117497692137
352,CE-352 Tintoreto-Giorgione,19.384146,-99.185491,60.56029870715712,85.12481479251906
366,CE-366 Porfirio Díaz-Augusto Rodin,19.378423,-99.181891,49.9639994069755,35.43322886676812
395,CE-395 San Lorenzo-Martín Mendalde,19.373725,-99.169807,46.29845905238038,82.41767704750009
316,CE-316 San Francisco-Concepción Beistegui,19.391056,-99.1712,62.969250025047224,85.8821582869916
292,CE-292 Adolfo Prieto-Eje 4 Sur Xola,19.396917,-99.166264,80.5507794386711,72.65635557481697
380,CE-380 Moras-San Lorenzo,19.374756,-99.173539,41.597944929517254,68.75776745169728
338,CE-338 Nicolás San Juan-San Borja,19.384242,-99.16326,62.99423136411072,47.252490099013784
420,CE-420 María Luz Bringas-Oso,19.36967233269665,-99.17958118026945,62.957825813991704,78.26166915979003
373,CE-373 Pilares-Gabriel Mancera,19.377932,-99.166594,44.916359388120185,55.79694795385685
416,CE-416 Recreo-Parroquia,19.371279,-99.177623,46.95392691138744,98.09379443767288
386,CE-386 Poussin-Donatello,19.374912,-99.185807,74.0696233721569,91.70854458907371
347,CE-347 Pennsylvania-Maximino Avila Camacho,19.384474,-99.176084,51.07824923163269,72.5343921257219
342,CE-342 Pitágoras-Av. División del Norte,19.38237,-99.1598779,30.15305827890263,54.32573266881412
328,CE-328 Avenida 1-Calle 7,19.392721,-99.184727,72.86786912481953,81.78614116677713
369,CE-369 Porfirio Díaz-Av. Insurgentes,19.379941,-99.177224,110.35686423029705,78.8483541582232
389,CE-389 Santander-Félix Cuevas,19.373655,-99.179029,153.32861741777046,126.30074213992741
205,CE-205 Taine-Homero,19.43552573443183,-99.18474711483212,77.2779580224746,61.72957930400809
396,CE-396 Martin Mendalde-Felix Cuevas,19.37165,-99.17015,52.62147154850816,114.5991834840763
436,CE-436 Rodríguez Saro-Búfalo,19.36623,-99.177904,39.146251573511734,69.56371139329022
334,CE-334 Nueva York-Av. Insurgentes,19.386530826718293,-99.17510658508034,65.49130408491037,80.18502927106229
385,CE-385 Poussin-Empresa,19.375650918831095,-99.18558642279095,81.94697405389583,96.95618111783459
422,CE-422 Búfalo-José María Rico (Eje 8),19.368403,-99.177472,21.991582602231766,55.445627837141764
363,CE-363 Holbein-Paulo Ucello,19.380839,-99.183932,57.850537940329716,38.09014017275449
355,CE-355 California-Sacramento,19.38201131984727,-99.17328938847277,33.98479305138544,31.872782441594776
346,CE-346 San Francisco-Santa Margarita,19.38496594717172,-99.17411729704327,28.376572225020897,77.97493434287968
290,CE-290 Yosemite-Colorado,19.39638,-99.1727082,81.38794488344637,75.90761225990467
371,CE-371 Tlacoquemécatl-Capulín,19.378546,-99.174297,53.71988184166551,59.798288131084014
401,CE-401 San Lorenzo-Avenida Cuauhtémoc,19.372101,-99.161501,73.11007672465111,104.71402365241411
356,CE-356 Matías Romero -Adolfo Prieto,19.381287,-99.1702,58.577182609502664,41.88394031673878
433,CE-433 Jose María Olloqui-Lopéz Cotilla,19.363548,-99.170766,26.62576628080504,74.30729959905955
277,CE-277 Prolongación Tonalá-Obrero Mundial,19.401807,-99.15909,69.11638948502251,68.24482039228329
172,CE-172 General Francisco Murguía-José Martí,19.4035308,-99.1816702,93.1558332125443,57.746924781607454
404,CE-404 Miguel Laurent-Avenida División Del Norte,19.373833,-99.157433,71.92486324835698,53.03981834943792
203,CE-203 Tennyson-Av. Homero,19.435985,-99.194832,42.539307756865696,53.96134424612716
473,CE-473 Bahía del Espíritu Santo-Bahía de Banderas,19.438143,-99.17519,37.005333000077115,65.18052689180783
462,CE-462 Presa Falcón-Presa Danxhó,19.442338,-99.205198,57.0146625431895,53.80499434295557
477,CE-477 Lago Iseo-Laguna de Mayrán,19.440905,-99.181743,108.21686768994249,33.32733131605274
471,CE-471 Bahía de Chachalacas-Bahía de Santa Bárbara,19.436287,-99.174888,48.70174872955727,56.81374955650113
321,CE-321 Torres Adalid-Anaxágoras,19.389477,-99.157513,62.14312470349568,75.63527351934763
444,CE-444 General Manuel Rincón-Agustín Gutierrez,19.359475,-99.159437,41.82410127388554,26.02230469205663
441,CE-441 Puente Xoco-Real de Mayorazgo,19.361213660076572,-99.16772089901315,75.69314535552883,56.47220567944961
055,CE-055  5 De Mayo - Bolívar,19.434514,-99.138068,71.1241510410434,165.7169926756354
138,CE-138 Guanajuato-Frontera,19.417702,-99.155313,74.87603397631352,89.6330994302062
359,CE-359 Matías Romero -Pestalozzi,19.379331,-99.161163,83.10056870516932,79.86185402146698
398,CE-398 Juan Sánchez Azcona-Félix Cuevas,19.37104,-99.165653,108.73130351011953,127.67128002620345
178,CE-178 Tamaulipas-Francisco Murguía,19.406833,-99.180457,72.02833975326045,72.89055171078282
198,CE-198 Sócrates-Ejército Nacional,19.438173973703993,-99.20383617292828,55.627433332396855,69.19977247731047
326,CE-326 Eugenia-Nebraska,19.388978,-99.174811,76.24102685134075,93.5928985450171
622,CE-622 Fernando Montes de Oca - Eje 6 Sur,19.378351,-99.143996,51.63233010019038,54.27159087944965
402,CE-402 Uxmal-Municipio Libre,19.371142,-99.158591,73.33709870088055,108.29901638182059
039,CE-039 Puebla - Medellín,19.421762,-99.166931,99.01871549255017,74.76789039933236
427,CE-427 Avenida México-Coyoacán-Av. Popocatépetl (Eje 8),19.364956,-99.1629867,65.83327585244405,45.34434274362062
313,CE-313 Pensilvania-Oklahoma,19.391431,-99.178989,50.39876733555479,65.28011590058108
230,CE-230 Edgar Allan Poe - Carlos Dickens,19.430098,-99.200074,67.37507316626858,63.73466994440455
485,CE-485 Lago de Pátzcuaro - Marina Nacional,19.438506,-99.172696,97.8597075057851,74.70548181134345
392,CE-392 Patricio Sanz-Félix Cuevas,19.373004,-99.174764,62.82371176129699,95.2961287970826
453,CE-453 Pedregal-Teapa,19.424842,-99.203739,67.43999077457887,57.40321315533498
357,CE-357 Matías Romero -Amores,19.380617,-99.167066,60.36926354769942,44.20219115488337
546,CE-546 Salvador Díaz Mirón - Santa María la Ribera,19.448764,-99.156817,98.9288203137716,55.81461434467968
301,CE-301 Luz Saviñón-Magdalena,19.393807,-99.171133,61.07587587005673,49.28873012011861
004,CE-004 Río Nilo - Río Panuco,19.428491,-99.171693,116.83499904358554,97.89140626533505
496,CE-496 Maestro Rural - José Parres,19.449039,-99.170246,59.247333647494706,110.13745831726924
146,CE-146 Coahuila-Manzanillo,19.410699360989387,-99.16587710386011,140.86857153270248,112.41035680371023
149,CE-149 Mérida-Antonio M. Anza,19.41199,-99.155699,132.29660490860684,59.063399870541886
495,CE-495 Amado Nervo - de los Maestros,19.445528,-99.166934,172.5107816679467,87.16396079009142
537,CE-537 Fresno - Clavel,19.457543649054422,-99.15946327155325,32.242612848207365,58.32947562617053
069,CE-069 Michoacán - Ámsterdam,19.410797,-99.168143,99.8961637989722,88.22126483769574
245,CE-245 Lago Onega-Av. Ejército Nacional,19.438347,-99.190503,46.8230095415561,49.3427580229761
425,CE-425 Nicolas San Juan-Avenida Universidad,19.36704,-99.167387,84.27812781816152,70.58876256574703
481,CE-481 Lago Garda - Mariano Escobedo,19.449367,-99.182461,93.90767671442178,70.95612537037375
502,CE-502 Mar Mediterráneo - Callejón de la Zanja,19.453432,-99.174636,91.163883375286,87.21209292620347
504,CE-504 Mar Blanco - Calzada México Tacuba,19.455343,-99.179056,48.66373159925201,38.282239553593826
498,CE-498 de los Maestros - Plan de Agua Prieta,19.453146248510524,-99.16645511990282,100.99786992932863,40.51132756419729
536,CE-536 Fresno - Eulalia Guzmán (Eje 2 Norte),19.458881,-99.159215,34.73771875287704,47.22851962298525
497,CE-497 Manuel Carpio - Plan de Ayala,19.452688,-99.170157,41.85298860286702,35.22652010716949
492,CE-492 Lago Cuitzeo - Felipe Carrillo Puerto,19.449153,-99.173433,135.2865149718729,63.41454872333499
503,CE-503 Nextitla - Mar Egeo,19.455571630398424,-99.17513005440924,37.867485227690985,35.65560051660289
506,CE-506 Mar Mediterráneo - Mar Arábigo,19.459553,-99.185111,39.333816771956755,43.88110070012069
507,CE-507 Mar Mediterráneo - Azcapotzalco,19.460292,-99.188303,78.10378628947208,73.8838651336848
499,CE-499 de los Maestros - Calzada de los Gallos,19.455986,-99.165966,103.86750500448893,36.45620557674359
458,CE-458 Montes Urales-Volcán,19.428679,-99.206605,54.41266107600568,62.07806395976468
541,CE-541 Eligio Ancona - Naranjo,19.45272,-99.158014,82.08612789965399,67.35608810051298
482,CE-482 Lago Xochimilco - Laguna de San Cristóbal,19.444826,-99.178393,38.55211810132287,73.82168303961484
545,CE-545 Sabino - Salvador Díaz Mirón,19.449098384943877,-99.15995210414621,86.57535905098507,67.83054699175197
486,CE-486 Izcoatl - Circuito Interior Melchor Ocampo,19.437334,-99.169573,88.80348355627078,75.44636048182512
098,CE-098 Emilio Dondé-Av. Balderas,19.430267,-99.14861,72.14985566071108,100.70949660549562
490,CE-490 Lago Garda - FFCC,19.449023,-99.179622,67.90797078171316,35.27628643195771
672,CE-672 José María Velasco - Damas,19.363024,-99.182889,69.08142647395894,67.82714540709976
543,CE-543 Jaime Torres Bodet - Manuel Carpio,19.450506,-99.157375,84.71073498318607,80.23812168932812
540,CE-540 Eucalipto - Ricardo Flores Magón,19.453965040246473,-99.15246807044241,55.00340281691933,71.06365969159465
703,CE-703 Miguel Hidalgo - Calzada General Anaya,19.350776,-99.155379,36.81723818042879,35.34232797753697
673,CE-673 Miguel Noreña - José María Ibarrarán,19.363153,-99.186963,28.22300951578555,81.62189855280334
700,CE-700 Abasolo - Miguel Hidalgo,19.350062,-99.160024,35.284129533671376,50.71762848416961
704,CE-704 Pacífico - Asia,19.344842,-99.157702,22.935771351013415,30.646027685392298
709,CE-709 Inglaterra - Antigua Taxqueña,19.344275,-99.149988,53.023853405584646,67.67068326333361
706,CE-706 Canadá - Acolotitla,19.347503,-99.15244,28.690581890282573,65.17213599252885
702,CE-702 Fernández Leal - Plaza de la Conchita,19.347246,-99.15857,29.687413850090433,25.619382684220177
708,CE-708 Irlanda-Canada,19.346419552561255,-99.14566911759721,37.45410871151619,34.179221434842596
643,CE-643 Filipinas - Av. Pirineos,19.362323,-99.148805,28.816443638599424,43.082889565365626
597,CE-597 Diagonal San Antonio - Icacos,19.398858,-99.151211,74.29953073989748,58.23421074500378
694,CE-694 Ignacio Aldama - Centenario,19.353243,-99.163753,14.89281900713302,70.34119567775582
696,CE-696 México - Malintzin,19.351576,-99.164567,44.19897834855612,80.60943217713873
626,CE-626 San Borja - Petén,19.382115,-99.153988,59.70262791202453,50.5011149080122
615,CE-615 Tajín - Universidad,19.38748,-99.153876,49.73518336390136,71.29595530690754
630,CE-630 Cuicuilco - Motozintla,19.375677,-99.152953,63.71717412087284,72.71289361194104
701,CE-701 Cuauhtémoc - Morelos,19.352052,-99.157981,30.02557802878469,67.60284178111394
617,CE-617 Mitla - Eje 5 Sur,19.384589,-99.150517,52.17512999923249,60.569825805661615
692,CE-692 Presidente Carranza - Francisco Sosa,19.349149,-99.169646,42.27411325142698,29.78075315730832
688,CE-688 Panzacola - Miguel Ángel de Quevedo,19.346975,-99.178791,83.64970470578254,63.453229018473785
661,CE-661 Madrid - Universidad,19.35675,-99.171769,22.130694410514664,48.303553458090406
618,CE-618 Bartolomé R. Salido - Edzna,19.381824,-99.148086,115.71090875538687,48.38490662841891
602,CE-602 Correspondencia - Eje Central Lázaro Cárdenas,19.392523,-99.146194,48.005928586751374,54.446015751803685
559,CE-559 Fernando de Alva Ixtlilxochitl - Diagonal 20 de noviembre,19.420029,-99.140999,40.09787112030595,71.47596524692807
691,CE-691 Melchor Ocampo - Dulce Olivia,19.347283,-99.170834,25.89224172516631,30.070193639220513
689,CE-689 G. Pérez Valenzuela - Salvador Novo,19.351426,-99.175455,37.143659886735264,65.04696000722224
619,CE-619 Kiff - Rafael Solana Verduguillo,19.381277,-99.145804,37.52629396760208,37.233121221985066
649,CE-649 Héroes del 47 - Calzada de Tlalpan,19.35072,-99.146786,38.861572082001395,45.48418902047357
629,CE-629 Tajín - Chichen Itzá,19.376367,-99.155872,35.86322133953576,63.76250928515921
562,CE-562 Claudio Bernard - José María Vertiz,19.42037,-99.146818,70.4728404677899,115.29740683405072
609,CE-609 Romero - Calzada de Tlalpan,19.384623,-99.139817,37.07727489329486,41.841271557608415
623,CE-623 Fernando Montes de Oca - Antonio Rodríguez,19.375518,-99.144118,60.74481482391518,56.84896349189117
651,CE-651 Héroes del 47 - División del Norte,19.351578,-99.150941,35.191027050855595,72.15228330680895
612,CE-612 Torres Adalid - Cumbres de Maltrata,19.388148,-99.148446,55.399687032935944,62.22563328369269
577,CE-577 Doctor Márquez - Doctor Jiménez,19.411609,-99.15314,37.28140698658334,42.95650439492485
624,CE-624 Luis Spota - Eje Central Lázaro Cárdenas,19.377516,-99.148116,65.93544526063837,49.184193374325496
620,CE-620 Fernando Montes de Oca - Priv. Lago,19.381804,-99.142997,37.20189479125041,35.793312668965385
592,CE-592 Cádiz - Eje Central Lázaro Cárdenas,19.399664,-99.145136,51.58522435176353,66.0516480457
637,CE-637 Ajusco - Emperadores,19.36576,-99.144413,35.66171407760581,53.31131280809779
604,CE-604 Andalucía - Carteros,19.390945,-99.142972,48.91514879407037,58.245728315400484
634,CE-634 Rumania - Víctor Hugo,19.370133,-99.145866,45.22060477375005,47.24539465710595
568,CE-568 Doctor Barragán - Doctor Erazo,19.418013,-99.144598,70.139232272353,53.97361293631369
639,CE-639 Bulgaria - Rumania,19.364528,-99.146988,36.02979820852727,67.69015988570509
573,CE-573 Fernando Ramírez - Isabel la Católica,19.412853,-99.138723,38.94937360120915,44.11034181458952
494,CE-494 Tláloc - Calzada México Tacuba,19.444053,-99.167429,203.84770166314672,96.00912444306272
563,CE-563 Doctor Velasco - Niños Héroes,19.419444,-99.149776,163.00476702571757,146.24541416594744
560,CE-560 Doctor Liceaga - Eje Central,19.421599,-99.143408,139.64158661274274,112.2020432162429
611,CE-611 Miguel Negrete - Niños Héroes de Chapultepec,19.387506,-99.146338,48.36407596120001,61.7547993074732
567,CE-567 Doctor Martínez del Río - Doctor José Terrés,19.417133,-99.145649,48.59288803521209,50.91693749494657
589,CE-589 Cádiz - Calzada de Tlalpan,19.39859,-99.137732,41.190288342840056,62.0878861746644
564,CE-564 Doctor Carmona y Valle - Doctor Velasco,19.419509,-99.153227,66.96438734973945,78.13885629080512
633,CE-633 Canarias - Calzada Santa Cruz,19.372175,-99.146356,59.62575760762702,37.33916600061307
664,CE-664 Hortensia - 2da cerrada de Minerva,19.355544,-99.178992,12.171172816065102,77.04670017809566
579,CE-579 Doctor Márquez - Privada Doctor Duran,19.410884,-99.144975,47.1420297831087,51.66299028116237
652,CE-652 Xicoténcatl - División del Norte,19.354876,-99.153611,39.617061146647664,67.22887249256449
663,CE-663 Hortensia - Avenida Universidad,19.3548028,-99.1754194,54.31769600218687,84.1327666458311
603,CE-603 Castilla - Eje 4 sur Xola,19.394422,-99.143291,51.09751563970287,86.00516340205466
548,CE-548 Dr. Mariano Azuela - Jose Antonio Alzate,19.447028903088047,-99.15431119504319,310.9958810407554,92.01786744411899
463,CE-463 Lago Andrómaco-Lago Zurich,19.443238843979106,-99.20280866324902,102.02161511383935,62.59248533884858
662,CE-662 Manzano - Circuito Interior,19.362041,-99.175158,11.10515483332029,40.080605352134036
679,CE-679 Olivo - Tecoyotitla,19.354886,-99.184642,52.35193489553678,123.61521342863449
571,CE-571 Manuel M. Flores - Calzada San Antonio Abad,19.416221,-99.134909,74.60714259195238,152.31699781363983
578,CE-578 Doctor Jiménez - Doctor Federico Gómez Santos,19.408649,-99.151126,68.27889705308294,48.16135251983965
666,CE-666 Moras - Naranjo,19.3614885,-99.1774325,11.180079145124019,61.5285531420357
556,CE-556 Plaza Tlaxcoaque - Diagonal 20 de noviembre,19.423056,-99.134941,53.46934132189195,75.80964769535184
678,CE-678 Francia - Tecoyotitla,19.3588634,-99.1829297,38.37546381287273,88.38201548414239
645,CE-645 Saratoga - Ajusco,19.358634,-99.152732,37.89678127885885,42.92781339981618
569,CE-569 Gutiérrez Nájera - Bolívar,19.415713,-99.141227,38.67722851279579,47.46574600393295
686,CE-686 Vito Alessio Robles - Universidad,19.352203,-99.178393,28.451233978903737,71.02226243643781
501,CE-501 Plan de Guadalupe /Ferrocarril de Cuernavaca - Eligio Ancona,19.454257,-99.172593,60.23376955485267,31.020626735193126
697,CE-697 Francisco Sosa - Tres Cruces,19.349277,-99.164921,34.469366743368894,84.06245960483892
530,CE-530  Membrillo - Cda. Nueces,19.4645,-99.16948,42.30600938552745,47.46428783136352
584,CE-584 Enrique Granados - José Peón Contreras (Eje 3),19.40697,-99.14383,107.86098999244993,97.37951138715476
580,CE-580 Antonio Solís - Bolívar,19.409817,-99.141643,43.704186918462135,42.18188720318238
575,CE-575 Fernando Ramírez - Eje Central,19.413235,-99.143476,80.90189554953702,108.7403243850078
590,CE-590 Fernando - Isabel la Católica,19.399172,-99.140625,52.81943403904862,61.59273606243085
650,CE-650 Xicoténcatl- Prolongación Xicoténcatl,19.355809,-99.149393,17.230943919322,39.56437706479167
631,CE-631 Miguel Laurent - Eje Central,19.372907,-99.149207,52.43835593375305,67.23266197110671
687,CE-687 Francisco Sosa - Panzacola,19.349307,-99.179074,13.85908994949138,64.59239236925221
640,CE-640 Odesa - Bulgaria,19.367465,-99.148786,45.70986017376693,43.68764266835823
628,CE-628 Tenayuca - Chichen Itzá,19.378281,-99.15841,108.5412374285877,82.62320015010813
510,CE-510 Egipto - Calle Norte 79 A,19.462152,-99.178291,44.283569779187,47.330652313234594
635,CE-635 Calzada Santa Cruz - Antillas,19.370586,-99.142294,112.58629703564316,59.92443349246132
655,CE-655 Gomez Farias - Viena,19.357086311891955,-99.16019652040175,28.1350175115273,44.707723720721994
531,CE-531 Norte 67 - Poniente 44,19.460356,-99.174283,40.35858552089181,37.471052243320315
684,CE-684 Vito Alessio Robles - Tecoyotitla,19.351594,-99.184772,54.28520939942352,80.57900837896393
613,CE-613 Luz Saviñón - Doctor José María Vertiz,19.390019,-99.15111,67.38009184183159,59.98777924411049
557,CE-557 5 de Febrero - Fernando de Alva Ixtlilxochitl,19.41981,-99.135941,50.45361873960314,85.22214903363118
642,CE-642 Repúblicas - Monrovia,19.364106,-99.150541,41.01560461080228,42.04778101409618
512,CE-512 Clavería - Floresta,19.465638,-99.186178,37.415794331552775,40.559163377103374
665,CE-665 Moras - Mango,19.3589028,-99.1779972,10.108545204895426,91.48490201267857
594,CE-594 Xochicalco - Obrero Mundial,19.4022115,-99.1533118,153.40436405992455,88.46876188052484
514,CE-514 José F. Gutiérrez - Invierno,19.470485,-99.188509,40.63757032256918,45.49597728979552
525,CE-525 Boldo - Tila,19.4683001,-99.165619,27.476018020783687,36.402328350862504
527,CE-527 Boldo - Alcanfores,19.464826,-99.163177,23.769365592838028,47.341981855556696
516,CE-516 Texcoco - Nilo,19.46669,-99.180302,19.52981576954254,43.93817124300834
595,CE-595 Yacatas - Diagonal de San Antonio,19.396983,-99.155114,104.7322405437077,137.49962430169091
517,CE-517 Ignacio Allende - Clavería,19.465377,-99.179197,32.118153241570035,45.27272776846593
519,CE-519 Poniente 58 - Cuitláhuac,19.464891,-99.177242,30.68196636292801,42.106311866384615
521,CE-521 Yuca - Clavelinas,19.466423,-99.173061,29.157605386051845,40.327163777070425
518,CE-518 Heliópolis - Norte 79A,19.468315,-99.177386,28.267420218278154,40.94143623900578
654,CE-654 Londres - San Pedro,19.355942,-99.157461,27.85366109379762,56.83376105547644
653,CE-653 Londres - División del Norte,19.356689,-99.153269,39.788113139551776,53.206185696987774
707,CE-707 Irlanda - División del Norte,19.348076,-99.14906,16.31629610814192,53.577741623835784
542,CE-542 Dr. Enrique González Martínez - Eligio Ancona,19.451838,-99.154584,69.50525473989642,85.11463131886615
636,CE-636 Ajusco - Antillas,19.367131,-99.142838,38.66416979358842,38.25602765264132
561,CE-561 Dr. Jiménez - Dr. Lavista,19.423673,-99.147957,51.224953222844626,90.63599280554853
585,CE-585 José Toribio Medina - Manuel Navarrete,19.405358,-99.14316,38.28825989673212,50.170364681100835
600,CE-600 Cumbres de Acultzingo - Av. Universidad,19.392463,-99.150544,61.28488451670414,40.70087285680068
599,CE-599 La Morena - Zempoala,19.398143,-99.148333,73.34342685908797,55.84473361985951
638,CE-638 Av Pirineos - C. Antillas,19.361743,-99.143867,92.63892233444378,124.951089021353
591,CE-591 Simón Bolívar - La Coruña,19.402088,-99.142976,67.90688062231028,59.26232380743986
500,CE-500 Plan de Guadalupe /Ferrocarril de Cuernavaca - Juan Sarabia,19.456546,-99.169344,40.71011683637011,35.03288473366575
484,CE-484 Laguna Mayran - Lago Cuitzeo,19.44046,-99.174564,68.16672929599032,68.40891176700661
601,CE-601 Navarra - Fernando,19.395888,-99.145344,44.765253299379346,64.96437516745043
685,CE-685 Av De la Paz - Insurgentes,19.347698842866482,-99.18690070520825,123.22290574381073,100.0906467903606
535,CE-535 Av. Jardín - Orquídea,19.461773,-99.162241,32.76299621833614,53.75138397199135
544,CE-544 Salvador Díaz Mirón - Nogal,19.449773,-99.163136,92.95591123603481,69.03167921062567
106,CE-106 San Jerónimo-José María Pino Suarez,19.42649,-99.133537,80.3970271420449,167.102768973049
695,CE-695 Malintzin - Allende,19.352141,-99.16225,43.790217460083106,56.29343418378006
607,CE-607 Unión Postal - Calzada de Tlalpan,19.39091,-99.138953,27.202881089980963,43.260696431954145
690,CE-690 Tata Vasco - Av. Miguel Ángel de Quevedo,19.345966,-99.172975,25.081889407169264,32.305153585133915
648,CE-648 Rafael Olivia - 20 de agosto,19.354411,-99.147795,77.83851500294307,25.821645281316954
693,CE-693 Xicoténcatl - Vicente Guerrero,19.352531,-99.164913,16.986974958204723,53.86458798301284
644,CE-644 Monrovia - Popocatépetl (Eje 8 Sur),19.361371,-99.150619,124.055032015694,105.0896371973104
705,CE-705 Europa - Miguel Ángel de Quevedo,19.344107,-99.155933,48.475004176324255,45.52686959355793
539,CE-539 Naranjo - Av. Ricardo Flores Magon,19.4551042,-99.1576905,76.64789777649663,60.56131947458686
538,CE-538 Nogal - Eligio Ancona,19.453778,-99.163128,85.32485785261431,69.27070910302304
588,CE-588  Av. Fernando - La coruña,19.401175,-99.13748,87.06148504373402,93.64896847015855
558,CE-558 Chimalpopoca - Simón Bolívar,19.4223,-99.139872,43.99428206046493,74.568404097912
593,CE-593 Zempoala - Diagonal de San Antonio,19.401018,-99.147952,107.67105319213924,52.779744368639676
699,CE-699 San Gregorio - Felipe Carrillo Puerto,19.346895,-99.163868,26.791230986265653,31.961597885360355
491,CE-491 Colegio Salesiano - Lago Catemaco,19.44946,-99.17666,47.04993790571066,39.982029978764395
627,CE-627 San Borja - Av. Universidad,19.382606,-99.156592,59.692831191609685,55.86139996364986
621,CE-621 Lago Poniente - Calzada de Tlalpan,19.379458,-99.140943,125.12251617649613,107.51510000293185
605,CE-605 5 de Febrero - Alfonso XIII,19.395063,-99.139476,39.09080897252003,91.06878550515175
674,CE-674 Silvestre Revueltas - Macedonio Alcalá,19.361846,-99.186814,37.391051147491964,81.67603919791348
528,CE-528 Tlatilco - Av. Jardín,19.464964,-99.160455,40.067995971172856,51.38550646071218
598,CE-598 Palenque - Cumbres de Maltrata,19.3931,-99.152012,47.241136564340394,55.50411689159998
671,CE-671 Plateros - Jose María Velasco,19.364577,-99.186288,36.57606681231732,79.80309689606739
583,CE-583 Ángel del Campo - 5 de Febrero,19.408087,-99.137763,30.918860273698982,53.732250604513965
493,CE-493 Lago Tláhuac - Laguna de Guzmán,19.445916,-99.170401,55.97118188780308,30.427814437540512
572,CE-572 Manuel J. Othón - José T. Cuellar,19.414677,-99.136894,43.88162850794429,48.355341964422344
596,CE-596 Cumbres de Maltrata - Uxmal,19.395205,-99.155049,105.66879751203538,148.7583687535067
186,CE-186 Gob. Gregorio V. Gelati-Gral. Francisco Molinos del Campo,19.412438,-99.188493,98.5187460636971,45.82401953680471
442,CE-442  Real de Mayorazgo - Avenida México - Coyoacán,19.359863,-99.165065,38.68055726587546,32.87933145175868
570,CE-570 Alfredo Chavero - Simón Bolívar,19.417595,-99.140972,54.04498242873877,50.85365488060976
647,CE-647 Antillas - Nevado,19.359256,-99.144433,25.970142549869536,60.30703130031052
608,CE-608 Ahorro Postal - Francisco Márquez,19.3884304,-99.1397718,97.06349346599674,78.04802498974895
698,CE-698 Cerrada Zamora - Av. Miguel Ángel de Quevedo,19.3447824,-99.1635837,31.60263748477688,33.44128411139552
610,CE-610  Av. Víctor Hugo - Av. Niños Héroes de Chapultepec,19.387174,-99.143708,53.742970459860764,60.07656734519783
641,CE-641 Sevilla - Av. Presidentes,19.368156,-99.151883,54.024930849450726,54.836790417151555
534,CE-534 Tlatilco - Jazmín,19.4587727,-99.1644993,36.430374412590794,50.693580408766245
574,CE-574 José María Roa Bárcenas - Simón Bolívar,19.411768,-99.140899,25.543125260376865,37.26517480421949
616,CE-616 Petén - Eje 5 Sur,19.384965,-99.1535881,39.092355837658296,63.10969909746731
646,CE-646  Rumania - Av. Popocatépetl,19.360545,-99.147501,34.79548931664018,47.88754500646293
489,CE-489 Lago Chalco - Laguna Tamiahua,19.446383,-99.17598,85.0688374646034,37.672732785141584
614,CE-614 Torres Adalid - Av. Cuauhtémoc,19.389293,-99.156348,58.07199276950433,73.89446591267344
632,CE-632 Victor Hugo - Sevilla,19.370891,-99.151577,51.68277253596058,63.684639948832775
625,CE-625 Zempoala - Angel Urraza,19.379442,-99.150064,69.12037744524147,50.31221567356261
581,CE-581 José María Roa Bárcenas - San Antonio Abad,19.411398,-99.135655,26.440485714939374,53.52184723306539
513,CE-513 Av. Aquiles Serdán - Av. Invierno,19.469578,-99.189828,78.09458451367136,68.63454419838453
197,CE-197 Presa Falcón - Miguel De Cervantes Saavedra,19.440924618966452,-99.20504942541811,146.86122812571568,66.25646380712953
576,CE-576 Doctor Arce - Jose Maria Vertiz,19.413464371675584,-99.14802946153031,85.36410792492495,62.114600997171884
520,CE-520 Salónica - Eje 3 Norte Camarones,19.470699086375355,-99.17832344770432,61.78894850603941,44.914432022726906
606,CE-606 Alfonso XIII - Aragón,19.394974,-99.138949,44.3974713077828,94.2859313277264
566,CE-566 Dr. Jiménez - Dr. García Diego,19.416239,-99.149542,84.41178652693628,58.251715105168564
565,CE-565 Dr. Martinez del Rio - Dr. Lucio,19.4176712000745,-99.15278613567352,79.43766690436009,82.20905089269023
587,CE-587 Jose Toribio Medina - Marcelino Davalos,19.404668302672064,-99.13694635033607,30.158070704388738,67.33698033181776
586,CE-586 Bernardo Couto-Juan E. Hernández y Davalos,19.40632606093993,-99.13877864484675,33.72698619863137,64.03053461712591
526,CE-526 Toronjil - Mejorana,19.466952,-99.162928,24.6622624331011,41.75768697653222
547,CE-547 Dr. Enrique González Martínez - Salvador Díaz Mirón,19.447481,-99.155443,73.12167151135803,86.94780089112311
488,CE-488 Huetzin - Cuitláhuac,19.444812,-99.170307,37.57383157925244,32.76212831997873
683,CE-683 Pedro Luis Ogazón-Insurgentes Sur,19.35038263626101,-99.18722301721573,56.516057690928214,130.75672580367973
582,CE-582 Antonio Solis-San Antonio Abad,19.40948,-99.135894,66.74949395544661,107.41936273500987
522,CE-522 Prol. Nueces - Av. Cuitlahuac,19.470597,-99.1700529,47.238434401493485,36.792523907500474
523,CE-523 Toronjil - Av. Cuitlahuac,19.471112,-99.165294,62.712841082936606,39.73753908581875
508,CE-508 Libertad-C. José Sánchez Trujillo,19.462364,-99.183671,26.76131255271075,41.87012040767368
515,CE-515 Tebas-C. Salónica,19.469621805880028,-99.18408215045929,29.813239898754333,44.90251752774661
532,CE-532  Av. Biólogo Maximino Martínez - Camarones,19.4608358,-99.1711512,38.07471175885657,47.36065395354043
509,CE-509  Juárez - Venecia,19.459686,-99.1817781,33.72819443477664,36.93500989931784
533,CE-533  Av Plan de San Luis - Eulalia Gúzman,19.4604943,-99.1672704,58.26629313871332,51.65648684148068
440,CE-440  Martin Mendalde - M. López Cotilla,19.3617925,-99.1714707,69.85632209750213,89.63743688041428
676,CE-676  Ricardo Palmerín - Abundio Martínez,19.3582358,-99.1881061,23.535517478969652,78.51582796937272
680,CE-680  Diego Becerra - Av. Revolución,19.366701,-99.188228,35.48246990317769,82.27306165078255
675,CE-675 Manuel Castro Padilla - Av. Revolución,19.3625257,-99.1889584,124.64324668255146,115.20216597867402
529,CE-529  Av Plan de San Luis - Calle Clavelinas,19.465541,-99.166726,40.61543437723551,48.10887136857051
677,CE-677  Juan Pablo II - Av. de los Insurgentes Sur,19.35904,-99.184498,38.4329800105348,93.030439888397
511,CE-511 Palestina - Egipto,19.463941,-99.18228,56.12759226040507,47.904759367153346
682,CE-682 Manuel M. Ponce - Fernando M. Villalpando,19.353534,-99.189548,34.65263642784788,80.67999118288652
681,CE-681 Guty Cárdenas - Ricardo Castro,19.355844,-99.189141,19.65516074279279,88.39091754582074
711,CE-711 Molino del Rey - Av. Constituyentes,19.414108,-99.191983,95.0326394472736,69.91638172987776
505,CE-505 Mar Negro - Mariano Escobedo,19.455319,-99.181368,64.70631228446776,56.359112554630265
524,CE-524 Malvón - Juan Sarabia,19.468119,-99.167268,29.596806373683403,38.628249301456286
260,CE-260 Av. Juárez-Balderas,19.4353114,-99.1477856,137.6588815259663,135.86273697650464
