sitio,lat,lon,alc,dem_pred_dia,dem_p10,dem_p90,anclajes,bicis,dist_metro,dist_metrobus,ciclovia_m_500,empleo_300
0,19.36556,-99.10893,Iztapalapa,152.13095,75.18346,265.04989,55,27,98.27601,59.72208,0.0,3526
1,19.32215,-99.09464,Iztapalapa,122.70654,60.64185,213.78526,44,22,116.06292,1895.62052,50.0,1866
2,19.33572,-99.10893,Iztapalapa,120.99086,59.79396,210.79613,43,22,125.52277,494.94196,600.0,1867
3,19.37912,-99.10893,Iztapalapa,118.21579,58.42251,205.96127,42,21,58.82167,115.78047,0.0,2001
4,19.4144,-99.07179,Iztacalco,116.19841,57.42552,202.44649,42,21,100.97917,343.41276,350.0,1461
5,19.35742,-99.09464,Iztapalapa,114.00059,56.33935,198.61734,41,20,133.37437,1695.72436,0.0,1701
6,19.31672,-99.07464,Iztapalapa,111.86682,55.28484,194.89979,40,20,99.05319,3834.26295,0.0,4654
7,19.40354,-99.12036,Iztacalco,106.14981,52.45948,184.93933,38,19,71.1952,692.74424,0.0,1138
8,19.30587,-99.06607,Iztapalapa,100.91757,49.87369,175.82347,36,18,97.30332,4730.69363,0.0,1690
9,19.35742,-99.08607,Iztapalapa,113.82488,56.25251,198.31121,41,20,158.79167,2576.92695,0.0,2812
10,19.31944,-99.08607,Iztapalapa,99.2265,49.03796,172.87721,36,18,116.25618,2705.2106,0.0,1905
11,19.35471,-99.08607,Iztapalapa,110.05896,54.39139,191.75005,39,20,155.94185,2642.97368,0.0,2091
12,19.36556,-99.00607,Iztapalapa,107.3821,53.06848,187.08629,39,19,102.00102,5176.15518,0.0,1613
13,19.38726,-99.11179,Iztacalco,105.62688,52.20104,184.02826,38,19,118.35633,104.5947,0.0,1472
14,19.35199,-99.07464,Iztapalapa,103.20308,51.0032,179.8054,37,18,104.88964,3582.57222,300.0,3267
15,19.34657,-99.06322,Iztapalapa,103.02879,50.91706,179.50175,37,18,90.1539,4072.93676,0.0,1647
16,19.40354,-99.06893,Iztacalco,101.75509,50.2876,177.28264,36,18,136.72425,1503.54751,0.0,1417
17,19.38455,-99.03464,Iztapalapa,110.95197,54.83272,193.30589,40,20,125.52169,1525.19163,75.0,1404
18,19.40626,-99.08322,Iztacalco,101.2212,50.02374,176.35247,36,18,134.85099,1556.28831,0.0,706
19,19.3737,-99.0175,Iztapalapa,103.07524,50.94002,179.58266,37,18,63.99085,3682.05339,0.0,1526
20,19.38726,-99.07464,Iztapalapa,106.59642,52.68019,185.71744,38,19,1991.6795,55.67678,450.0,2947
21,19.39812,-99.11464,Iztacalco,96.66301,47.77108,168.41096,35,17,123.9614,111.16951,900.0,1470
22,19.3737,-99.10036,Iztapalapa,97.6987,48.28292,170.21539,35,17,772.69985,802.01915,0.0,1101
23,19.39269,-99.04607,Iztapalapa,95.11393,47.00552,165.71208,34,17,158.29006,266.72869,0.0,2058
24,19.32758,-99.10322,Iztapalapa,87.50858,43.24694,152.46167,31,16,150.91422,1098.96252,850.0,979
25,19.39812,-99.06036,Iztacalco,111.45697,55.08229,194.18572,40,20,121.54962,429.10736,0.0,1451
26,19.38184,-99.12036,Iztapalapa,94.36668,46.63623,164.41019,34,17,1122.1236,993.77166,0.0,3461
27,19.36013,-98.99464,Iztapalapa,94.32171,46.614,164.33184,34,17,59.55871,6511.91732,0.0,536
28,19.35471,-99.10322,Iztapalapa,92.88919,45.90605,161.83603,33,17,251.20884,879.10972,0.0,3639
29,19.28959,-99.16036,Tlalpan,95.53717,47.21468,166.44947,34,17,4099.32166,1440.05231,0.0,3967
30,19.35471,-99.10607,Iztapalapa,95.07537,46.98646,165.6449,34,17,217.09623,592.47818,0.0,4198
31,19.29773,-99.1375,Tlalpan,99.8399,49.34111,173.94591,36,18,4827.12886,2429.84337,175.0,4091
32,19.36013,-99.11179,Iztapalapa,94.81316,46.85688,165.18807,34,17,574.0861,201.44717,0.0,2997
33,19.37912,-99.0975,Iztapalapa,89.7049,44.33236,156.28821,32,16,1254.75241,1186.15862,0.0,3739
34,19.38998,-99.04607,Iztapalapa,88.85406,43.91188,154.80583,32,16,146.53335,183.6432,0.0,1406
35,19.40083,-99.13464,Iztacalco,88.42916,43.70189,154.06556,32,16,236.83571,625.20685,175.0,3640
36,19.30316,-99.12607,Tlalpan,91.24708,45.09451,158.97507,33,16,3571.89879,1339.26024,0.0,3866
37,19.29773,-99.15179,Tlalpan,90.88185,44.91402,158.33876,33,16,3751.43183,2621.36867,675.0,3573
38,19.40083,-99.10036,Iztacalco,77.67754,38.38841,135.33356,28,14,901.83994,437.19071,1525.0,4362
39,19.30316,-99.12322,Tlalpan,91.43602,45.18789,159.30425,33,16,3389.77969,1045.95454,0.0,3582
40,19.39812,-99.1175,Iztacalco,85.92869,42.46615,149.70912,31,15,422.78068,77.91505,900.0,1883
41,19.29502,-99.1375,Tlalpan,90.35205,44.65219,157.41571,32,16,5015.69124,2416.63349,0.0,3968
42,19.39812,-99.10893,Iztacalco,86.36465,42.68161,150.46867,31,15,478.13416,52.15295,900.0,2817
43,19.28417,-99.14036,Tlalpan,86.32058,42.65983,150.39189,31,15,5672.34647,2394.1598,975.0,1198
44,19.38184,-99.08322,Iztapalapa,86.2396,42.6198,150.2508,31,15,2742.12566,658.30338,0.0,5401
45,19.29773,-99.14893,Tlalpan,86.23267,42.61638,150.23874,31,15,3944.46792,2898.05797,675.0,3256
46,19.36556,-99.10322,Iztapalapa,85.83517,42.41993,149.54618,31,15,662.49996,629.5037,0.0,2204
47,19.39812,-99.12322,Iztacalco,71.20488,35.18961,124.05659,26,13,551.27842,141.23958,925.0,1970
48,19.40354,-99.06036,Iztacalco,91.45683,45.19817,159.34052,33,16,537.98655,854.86864,0.0,3091
49,19.29773,-99.13464,Tlalpan,85.41963,42.21457,148.82221,31,15,4617.16509,2131.75783,0.0,3938
50,19.36556,-99.10607,Iztapalapa,84.61383,41.81635,147.41831,30,15,366.44534,331.54308,0.0,4251
51,19.37912,-99.09464,Iztapalapa,81.49724,40.27612,141.98843,29,15,1518.84433,1466.77425,0.0,9330
52,19.29231,-99.1775,Tlalpan,87.58256,43.2835,152.59058,31,16,3562.99505,32.82647,0.0,1333
53,19.31944,-99.08322,Iztapalapa,84.29311,41.65785,146.85954,30,15,301.19087,3003.0381,0.0,3498
54,19.32215,-99.08607,Iztapalapa,77.3138,38.20865,134.69984,28,14,186.93899,2759.2748,0.0,2670
55,19.37641,-99.06036,Iztapalapa,75.96168,37.54043,132.34411,27,14,2207.39607,766.3027,500.0,1429
56,19.37641,-99.09464,Iztapalapa,79.77952,39.42722,138.99573,29,14,1415.78991,1400.63741,0.0,7097
57,19.38726,-99.08036,Iztapalapa,88.61542,43.79394,154.39008,32,16,2213.55731,48.97374,1000.0,741
58,19.36013,-99.09464,Iztapalapa,86.35489,42.67678,150.45166,31,15,283.8884,1646.42756,0.0,3033
59,19.39812,-99.10036,Iztacalco,91.1511,45.04708,158.80785,33,16,1189.46875,140.51363,1050.0,3284
60,19.31672,-99.0775,Iztapalapa,82.90094,40.96983,144.43402,30,15,329.07143,3538.01762,0.0,4766
61,19.35199,-99.10607,Iztapalapa,82.83932,40.93938,144.32666,30,15,85.42435,537.94315,0.0,4226
62,19.31401,-99.0775,Iztapalapa,83.9843,41.50523,146.3215,30,15,507.06245,3501.29096,0.0,3633
63,19.29773,-99.06322,Iztapalapa,77.53182,38.3164,135.07968,28,14,825.92054,5198.10591,0.0,1404
64,19.35742,-99.10893,Iztapalapa,82.60492,40.82354,143.91829,30,15,588.60796,267.6641,0.0,4302
65,19.28417,-99.17464,Tlalpan,77.46821,38.28497,134.96887,28,14,4443.92585,121.51359,0.0,2815
66,19.40354,-99.11179,Iztacalco,79.46233,39.27046,138.44312,29,14,547.98672,282.76617,0.0,4585
67,19.36556,-99.11179,Iztapalapa,82.40997,40.72719,143.57864,30,15,255.01796,277.87162,0.0,1471
68,19.40083,-99.10893,Iztacalco,75.19347,37.16078,131.0057,27,13,553.58677,332.29647,625.0,6509
69,19.32215,-99.0975,Iztapalapa,75.91387,37.51681,132.26081,27,14,183.93709,1616.5716,725.0,1157
70,19.3954,-99.0975,Iztacalco,84.81024,41.91341,147.7605,30,15,1569.33816,205.60534,1100.0,3360
71,19.38455,-99.0375,Iztapalapa,81.69385,40.37329,142.33098,29,15,204.38099,1264.66543,950.0,2078
72,19.3737,-99.10893,Iztapalapa,81.56847,40.31132,142.11253,29,15,140.04132,156.0966,0.0,533
73,19.25703,-99.16036,Tlalpan,69.69741,34.44462,121.4302,25,12,7578.67173,2627.7587,0.0,272
74,19.30587,-99.06036,Iztapalapa,76.87775,37.99316,133.94013,28,14,193.26301,5326.11205,0.0,2535
75,19.28417,-99.1375,Tlalpan,81.24718,40.15254,141.55276,29,14,5863.53997,2138.10948,1125.0,1959
76,19.28959,-99.15179,Tlalpan,81.13363,40.09642,141.35494,29,14,4492.34877,2142.27296,675.0,953
77,19.39812,-99.10322,Iztacalco,81.33957,40.1982,141.71373,29,15,1077.89523,123.05213,900.0,3585
78,19.36556,-99.1175,Iztapalapa,80.90056,39.98124,140.94887,29,14,846.04145,874.35945,0.0,1440
79,19.35471,-99.10036,Iztapalapa,84.51643,41.76821,147.24861,30,15,181.71989,1172.44932,0.0,2376
80,19.38184,-99.0775,Iztapalapa,80.53142,39.79881,140.30574,29,14,2653.18365,318.44252,400.0,3435
81,19.35471,-99.10893,Iztapalapa,80.17301,39.62168,139.68129,29,14,355.8453,330.49491,0.0,2730
82,19.35199,-99.10322,Iztapalapa,80.47797,39.7724,140.21262,29,14,328.33247,823.28396,0.0,3212
83,19.29502,-99.15464,Tlalpan,84.18031,41.6021,146.66301,30,15,3824.0868,2230.56238,500.0,3117
84,19.39812,-99.12893,Iztacalco,74.04525,36.59333,129.00522,27,13,890.45119,94.13319,1075.0,1654
85,19.40354,-99.10036,Iztacalco,75.26643,37.19684,131.13281,27,13,625.93503,736.56456,2150.0,1303
86,19.29502,-99.06322,Iztapalapa,79.31373,39.19702,138.18421,28,14,1099.65994,5264.27676,0.0,1368
87,19.29502,-99.11464,Tlalpan,79.13643,39.1094,137.87531,28,14,3596.7048,46.24515,0.0,665
88,19.37099,-99.0975,Iztapalapa,74.04776,36.59457,129.00958,27,13,1098.69128,1077.92993,0.0,5211
89,19.39269,-99.07464,Iztacalco,87.83361,43.40757,153.02797,32,16,1422.6335,560.87563,0.0,2811
90,19.36013,-99.07179,Iztapalapa,78.6498,38.86891,137.02749,28,14,1052.57862,2655.42587,0.0,2539
91,19.35471,-99.12036,Iztapalapa,78.83698,38.96141,137.3536,28,14,446.35079,970.57347,525.0,1572
92,19.3737,-99.05179,Iztapalapa,78.76522,38.92595,137.22858,28,14,2026.71835,1291.65455,1000.0,1631
93,19.33843,-99.10893,Iztapalapa,78.75131,38.91908,137.20434,28,14,174.54334,428.87657,0.0,2379
94,19.37641,-99.04322,Iztapalapa,84.35452,41.6882,146.96653,30,15,1250.19146,1335.12409,1225.0,2013
95,19.36827,-99.0975,Iztapalapa,78.48925,38.78957,136.74777,28,14,1201.95486,1135.79824,0.0,8429
96,19.39269,-99.08607,Iztacalco,83.10573,41.07104,144.79083,30,15,1649.2428,155.44046,1275.0,1280
97,19.27874,-99.16893,Tlalpan,89.24246,44.10383,155.48253,32,16,5070.66278,64.97657,0.0,1084
98,19.35742,-99.10607,Iztapalapa,84.12038,41.57248,146.55859,30,15,516.68581,559.86389,0.0,3764
99,19.35742,-99.12036,Iztapalapa,78.83831,38.96207,137.35592,28,14,294.40965,951.01527,600.0,2525
100,19.35742,-99.10036,Iztapalapa,85.05303,42.0334,148.1835,31,15,178.68609,1124.9149,0.0,1774
101,19.3954,-99.12322,Iztacalco,64.75894,32.00402,112.82616,23,12,842.96065,325.85262,775.0,1758
102,19.25703,-99.17464,Tlalpan,72.89569,36.02521,127.00239,26,13,7443.67737,2531.41795,0.0,598
103,19.29231,-99.12607,Tlalpan,80.81513,39.93902,140.80003,29,14,4564.08131,1263.76686,0.0,2074
104,19.26246,-99.16322,Tlalpan,75.45981,37.29241,131.46974,27,13,6935.32317,1962.15198,0.0,207
105,19.32486,-99.10322,Iztapalapa,71.61162,35.39063,124.76523,26,13,388.41911,1131.45874,925.0,727
106,19.38455,-99.08322,Iztapalapa,77.83751,38.46747,135.61228,28,14,2504.76151,428.43303,625.0,4611
107,19.36013,-99.10893,Iztapalapa,75.38558,37.25572,131.3404,27,13,523.64001,188.69223,0.0,4253
108,19.40083,-99.1175,Iztacalco,74.5324,36.83408,129.85396,27,13,492.248,291.9652,700.0,3569
109,19.29502,-99.16322,Tlalpan,81.08168,40.07075,141.26442,29,14,3433.20266,1419.12285,0.0,2938
110,19.28959,-99.06893,Iztapalapa,71.39313,35.28265,124.38456,26,13,1888.08304,4826.81451,0.0,1151
111,19.36013,-99.0575,Iztapalapa,73.47658,36.31229,128.01445,26,13,1699.98913,2588.09909,1950.0,1165
112,19.36285,-99.10036,Iztapalapa,88.06936,43.52408,153.4387,32,16,754.81251,992.22609,0.0,835
113,19.37641,-99.0375,Iztapalapa,77.13698,38.12127,134.39177,28,14,985.36638,1793.13575,2050.0,1540
114,19.38184,-99.08036,Iztapalapa,77.4026,38.25254,134.85455,28,14,2762.07868,512.54523,350.0,5825
115,19.34928,-99.1175,Iztapalapa,77.3254,38.21439,134.72005,28,14,1108.84323,662.7878,600.0,2194
116,19.38455,-99.0775,Iztapalapa,71.01362,35.09509,123.72336,25,13,2370.2179,118.91571,675.0,2076
117,19.32758,-99.0775,Iztapalapa,80.08615,39.57876,139.52997,29,14,1145.85806,3788.31688,0.0,3227
118,19.37099,-99.01464,Iztapalapa,70.77501,34.97717,123.30764,25,13,360.36289,4094.74403,100.0,1099
119,19.28688,-99.12322,Tlalpan,78.78008,38.9333,137.25447,28,14,4850.51089,831.72984,0.0,346
120,19.36013,-99.09179,Iztapalapa,76.69764,37.90415,133.62635,28,14,308.75718,1940.47894,0.0,4410
121,19.30044,-99.18607,Tlalpan,76.71861,37.91451,133.66287,28,14,2934.31723,161.056,1300.0,1255
122,19.37641,-99.04036,Iztapalapa,75.49597,37.31028,131.53273,27,13,1084.87916,1552.07799,2100.0,1923
123,19.39812,-99.12607,Iztacalco,73.05934,36.10609,127.28751,26,13,699.59075,159.02425,1025.0,1073
124,19.37641,-99.05179,Iztapalapa,76.59037,37.85113,133.43944,27,14,1741.02585,991.65879,900.0,648
125,19.36013,-99.06893,Iztapalapa,76.42113,37.76749,133.14458,27,14,1178.54792,2601.0272,0.0,1785
126,19.3737,-99.09179,Iztapalapa,72.18956,35.67624,125.77213,26,13,1671.68135,1692.6598,0.0,3199
127,19.29502,-99.18322,Tlalpan,76.3891,37.75167,133.08879,27,14,3386.41038,252.39463,100.0,3520
128,19.29231,-99.15464,Tlalpan,73.7109,36.4281,128.4227,26,13,4081.62044,2086.23682,350.0,1320
129,19.29773,-99.16322,Tlalpan,76.22914,37.67261,132.81009,27,14,3151.33224,1600.90867,0.0,2463
130,19.36013,-99.10607,Iztapalapa,75.92077,37.52021,132.27283,27,14,631.52424,458.94286,0.0,2285
131,19.40626,-99.06036,Iztacalco,76.05749,37.58778,132.51103,27,14,834.7198,1128.77545,0.0,1330
132,19.40354,-99.06322,Iztacalco,81.03041,40.04541,141.1751,29,14,662.24761,1029.92814,0.0,2818
133,19.25703,-99.16322,Tlalpan,70.20773,34.69682,122.31931,25,13,7527.993,2538.83989,0.0,389
134,19.40083,-99.10607,Iztacalco,74.3249,36.73153,129.49243,27,13,826.48728,459.26494,500.0,4045
135,19.38998,-99.06322,Iztacalco,80.47556,39.7712,140.20841,29,14,1049.73037,368.62153,0.0,1110
136,19.37912,-99.03464,Iztapalapa,75.82155,37.47118,132.09997,27,14,674.68949,1873.8652,1350.0,995
137,19.37099,-99.10036,Iztapalapa,72.13186,35.64773,125.67162,26,13,809.09705,778.65168,0.0,1542
138,19.36556,-99.11464,Iztapalapa,80.16148,39.61598,139.6612,29,14,548.09684,575.20305,0.0,1552
139,19.28688,-99.14607,Tlalpan,75.69098,37.40665,131.87249,27,13,5072.31269,2556.55683,975.0,1558
140,19.39812,-99.0975,Iztacalco,83.44073,41.23659,145.37447,30,15,1296.65016,237.1124,1025.0,3905
141,19.27331,-99.16893,Tlalpan,81.70078,40.37671,142.34306,29,15,5667.76784,663.24172,0.0,586
142,19.38998,-99.11179,Iztacalco,75.50224,37.31338,131.54366,27,13,189.6357,96.78616,0.0,1068
143,19.37641,-99.01464,Iztapalapa,65.74138,32.48954,114.53782,24,12,425.96548,3808.11862,0.0,1510
144,19.28959,-99.14607,Tlalpan,75.48548,37.3051,131.51446,27,13,4830.35924,2669.85936,975.0,1242
145,19.35471,-99.11179,Iztapalapa,76.90276,38.00552,133.98371,28,14,621.38634,217.7691,0.0,2198
146,19.28959,-99.16322,Tlalpan,78.74126,38.91411,137.18684,28,14,4004.85351,1206.61172,0.0,2850
147,19.29773,-99.0775,Iztapalapa,71.03021,35.10329,123.75227,25,13,1596.63445,3737.58453,0.0,1135
148,19.29773,-99.1575,Tlalpan,72.56043,35.85953,126.41829,26,13,3412.04745,2087.40057,0.0,1491
149,19.25703,-99.17179,Tlalpan,75.3414,37.23389,131.26343,27,13,7446.73884,2479.41216,0.0,450
150,19.3737,-99.0575,Iztapalapa,76.3544,37.73452,133.02833,27,14,2270.50763,1119.53803,850.0,1234
151,19.28145,-99.16893,Tlalpan,79.83202,39.45316,139.0872,29,14,4772.38258,167.52012,0.0,1522
152,19.36285,-99.0975,Iztapalapa,79.4344,39.25666,138.39445,28,14,699.04088,1277.05392,0.0,899
153,19.35742,-99.1175,Iztapalapa,86.02099,42.51177,149.86993,31,15,593.19249,652.86565,50.0,1861
154,19.34928,-99.08036,Iztapalapa,82.47028,40.757,143.6837,30,15,613.95395,3198.76747,0.0,1805
155,19.38998,-99.06607,Iztacalco,74.72876,36.93112,130.19606,27,13,1196.27597,661.76605,0.0,1413
156,19.39269,-99.06893,Iztacalco,74.60271,36.86883,129.97645,27,13,1203.14013,792.87367,0.0,1621
157,19.35199,-99.10036,Iztapalapa,74.72186,36.92771,130.18405,27,13,462.72618,1116.33782,0.0,1432
158,19.29773,-99.10322,Tlalpan,80.21823,39.64403,139.76008,29,14,2811.54913,1139.55559,900.0,2414
159,19.25975,-99.17464,Tlalpan,69.0118,34.10579,120.2357,25,12,7143.69283,2240.58989,0.0,548
160,19.25703,-99.1775,Tlalpan,70.82071,34.99975,123.38726,25,13,7452.70061,2616.99619,0.0,565
161,19.39269,-99.13179,Iztacalco,74.39161,36.7645,129.60867,27,13,690.99,282.17684,1000.0,1426
162,19.40354,-99.10322,Iztacalco,70.01991,34.604,121.99208,25,12,552.56577,702.94936,2375.0,2453
163,19.37641,-99.05464,Iztapalapa,76.35329,37.73397,133.0264,27,14,1861.44562,1000.77688,1000.0,1258
164,19.28417,-99.14322,Tlalpan,74.24847,36.69376,129.35928,27,13,5490.89501,2659.41537,925.0,1780
165,19.28959,-99.06607,Iztapalapa,68.18027,33.69484,118.78696,24,12,1768.31527,5124.29419,0.0,1483
166,19.27331,-99.22322,Tlalpan,74.18653,36.66315,129.25137,27,13,7656.20333,4878.39998,1350.0,1158
167,19.25975,-99.16036,Tlalpan,62.88063,31.07575,109.55368,23,11,7284.24873,2348.88952,0.0,92
168,19.38726,-99.0775,Iztapalapa,77.69353,38.39632,135.36142,28,14,2092.00438,266.55292,825.0,1839
169,19.37099,-99.02036,Iztapalapa,70.04669,34.61723,122.03873,25,12,432.13778,3601.84216,875.0,1826
170,19.26517,-99.16893,Tlalpan,76.15671,37.63682,132.6839,27,14,6564.41536,1563.13499,0.0,1351
171,19.25432,-99.18036,Tlalpan,68.25525,33.7319,118.9176,24,12,7772.58937,3006.17616,0.0,264
172,19.3113,-99.22036,Tlalpan,73.84016,36.49197,128.64789,26,13,5083.23103,3473.44144,0.0,4423
173,19.28959,-99.14893,Tlalpan,79.73989,39.40763,138.92669,29,14,4654.75928,2401.8204,1000.0,2007
174,19.36556,-99.05464,Iztapalapa,73.21527,36.18315,127.55918,26,13,2369.82203,2068.20394,300.0,1243
175,19.36285,-99.08036,Iztapalapa,73.53252,36.33994,128.11191,26,13,932.68949,2431.7803,0.0,1661
176,19.36827,-99.02607,Iztapalapa,71.39916,35.28563,124.39507,26,13,1099.01416,3291.78488,475.0,1075
177,19.40354,-99.12322,Iztacalco,73.51192,36.32975,128.07601,26,13,174.80955,622.48373,0.0,1466
178,19.36013,-99.05464,Iztapalapa,73.49312,36.32047,128.04327,26,13,1837.59612,2644.88642,1425.0,1545
179,19.38455,-99.02893,Iztapalapa,77.03993,38.07331,134.2227,28,14,709.7351,2078.42999,0.0,1283
180,19.3737,-99.06036,Iztapalapa,69.08436,34.14165,120.36211,25,12,2439.06,1065.92595,475.0,760
181,19.29773,-99.08036,Iztapalapa,73.20176,36.17647,127.53564,26,13,1846.574,3449.54848,0.0,267
182,19.25703,-99.18036,Tlalpan,62.91209,31.0913,109.60848,23,11,7473.76477,2732.99493,0.0,381
183,19.36013,-99.08322,Iztapalapa,73.16835,36.15996,127.47743,26,13,517.26418,2789.64462,0.0,1646
184,19.3737,-99.08893,Iztapalapa,67.17384,33.19747,117.03352,24,12,1817.71529,1739.39204,0.0,5035
185,19.37099,-99.0775,Iztapalapa,73.11012,36.13119,127.37598,26,13,1858.50773,1500.15479,0.0,1611
186,19.3954,-99.06893,Iztacalco,78.0449,38.56997,135.9736,28,14,1021.29586,1026.83467,0.0,1786
187,19.28145,-99.14322,Tlalpan,73.06139,36.1071,127.29109,26,13,5736.36764,2540.7728,675.0,1273
188,19.37099,-99.08893,Iztapalapa,64.30759,31.78095,112.03979,23,11,1530.12581,1977.07774,0.0,210
189,19.30044,-99.0775,Iztapalapa,67.3151,33.26728,117.27962,24,12,1438.78733,3668.41019,0.0,897
190,19.36285,-99.09464,Iztapalapa,74.43842,36.78763,129.69021,27,13,568.67963,1567.55249,0.0,1782
191,19.3737,-99.01464,Iztapalapa,70.04106,34.61445,122.02892,25,12,256.23037,3942.63212,0.0,1138
192,19.37912,-99.09179,Iztapalapa,66.52959,32.87907,115.91106,24,12,1794.26102,1424.55006,0.0,9315
193,19.24347,-99.14607,Tlalpan,72.86677,36.01092,126.95201,26,13,9409.78881,4270.65843,0.0,231
194,19.36556,-99.08607,Iztapalapa,72.52426,35.84165,126.35528,26,13,1052.57095,2329.99672,0.0,406
195,19.35471,-99.09464,Iztapalapa,77.88092,38.48892,135.6879,28,14,367.4028,1765.85515,0.0,1176
196,19.36285,-99.0575,Iztapalapa,72.78707,35.97154,126.81316,26,13,1979.80088,2291.13042,1150.0,405
197,19.40083,-99.09464,Iztacalco,70.05757,34.62261,122.05769,25,12,912.8361,492.98957,125.0,5160
198,19.30587,-99.06322,Iztapalapa,65.94461,32.58998,114.89189,24,12,221.07461,5028.26669,0.0,2173
199,19.29502,-99.10322,Tlalpan,77.10319,38.10457,134.33291,28,14,3100.77997,1184.54599,675.0,829
200,19.34928,-99.08893,Iztapalapa,72.0758,35.62002,125.57394,26,13,825.27176,2299.31999,0.0,131
201,19.29502,-99.13179,Tlalpan,75.93259,37.52606,132.29343,27,14,4649.56484,1816.7616,0.0,2624
202,19.27331,-99.16036,Tlalpan,72.40579,35.78311,126.14887,26,13,5820.68309,1130.53657,0.0,504
203,19.30044,-99.18893,Tlalpan,72.37618,35.76847,126.09728,26,13,3076.46406,389.16028,1125.0,5570
204,19.40354,-99.1175,Iztacalco,66.47293,32.85107,115.81236,24,12,337.68287,464.08072,0.0,2923
205,19.3737,-99.0775,Iztapalapa,72.55547,35.85708,126.40965,26,13,2129.54172,1201.33247,0.0,2741
206,19.34928,-99.07464,Iztapalapa,72.29168,35.72671,125.95006,26,13,197.60149,3798.54454,275.0,2691
207,19.30316,-99.07179,Iztapalapa,67.78057,33.49731,118.09059,24,12,767.97686,4192.00723,0.0,1360
208,19.34657,-99.08036,Iztapalapa,72.4206,35.79042,126.17467,26,13,764.84244,3221.66432,0.0,1575
209,19.37641,-99.04607,Iztapalapa,75.16847,37.14843,130.96215,27,13,1459.10746,1155.92673,1150.0,243
210,19.36013,-99.08893,Iztapalapa,72.13114,35.64737,125.67036,26,13,538.58089,2225.26686,0.0,2662
211,19.28145,-99.20322,Tlalpan,72.10367,35.6338,125.6225,26,13,5652.30908,2694.41301,0.0,769
212,19.36013,-99.07464,Iztapalapa,76.06614,37.59206,132.52611,27,14,1003.42828,2689.74533,0.0,705
213,19.30044,-99.07464,Iztapalapa,72.61567,35.88683,126.51452,26,13,1178.77692,3963.25456,0.0,1081
214,19.35199,-99.0975,Iztapalapa,72.04214,35.60339,125.51529,26,13,603.35044,1412.3115,0.0,1070
215,19.27603,-99.22036,Tlalpan,72.03881,35.60174,125.50949,26,13,7232.36132,4460.17417,1325.0,1186
216,19.333,-99.10893,Iztapalapa,72.02797,35.59638,125.4906,26,13,425.49565,450.11127,950.0,705
217,19.35742,-99.08322,Iztapalapa,72.01559,35.59027,125.46905,26,13,294.38971,2873.25187,0.0,2430
218,19.28145,-99.17464,Tlalpan,71.98427,35.57479,125.41448,26,13,4743.88686,211.32852,0.0,1561
219,19.3954,-99.10893,Iztacalco,71.86207,35.5144,125.20158,26,13,575.1228,273.89581,800.0,983
220,19.37641,-99.0575,Iztapalapa,68.09461,33.65251,118.63772,24,12,2019.6011,839.27772,800.0,1040
221,19.3954,-99.12036,Iztacalco,67.92336,33.56788,118.33937,24,12,790.11047,492.31678,750.0,1230
222,19.37912,-99.0575,Iztapalapa,68.3385,33.77304,119.06263,25,12,1783.92049,579.14488,575.0,840
223,19.36827,-99.08607,Iztapalapa,69.5866,34.38985,121.23714,25,12,1352.33226,2064.36916,0.0,1489
224,19.36827,-99.02036,Iztapalapa,67.30099,33.2603,117.25503,24,12,656.46818,3791.5495,1225.0,1127
225,19.25703,-99.1575,Tlalpan,65.83311,32.53487,114.69763,24,12,7640.80176,2746.72962,0.0,0
226,19.31401,-99.05464,Iztapalapa,71.74661,35.45734,125.00042,26,13,1187.04847,5896.69973,0.0,83
227,19.31944,-99.0975,Iztapalapa,71.70294,35.43576,124.92433,26,13,351.93857,1522.45548,800.0,458
228,19.37912,-99.0175,Iztapalapa,71.58793,35.37892,124.72395,26,13,644.73251,3413.55473,0.0,1508
229,19.25703,-99.18322,Tlalpan,66.12575,32.6795,115.20748,24,12,7506.76851,2875.7353,0.0,189
230,19.36556,-99.04607,Iztapalapa,68.7221,33.96262,119.73097,25,12,2426.49851,2270.70559,825.0,94
231,19.38455,-99.02607,Iztapalapa,71.5618,35.366,124.67843,26,13,1008.81515,2363.62054,0.0,1587
232,19.35199,-99.09179,Iztapalapa,69.24905,34.22304,120.64905,25,12,668.52023,2007.84738,0.0,453
233,19.32486,-99.10036,Iztapalapa,65.70602,32.47207,114.47621,24,12,568.34388,1430.97578,800.0,1197
234,19.2299,-99.1975,Tlalpan,71.46568,35.3185,124.51097,26,13,10732.35748,6225.04238,1375.0,375
235,19.36827,-99.08893,Iztapalapa,71.69799,35.43331,124.9157,26,13,1248.3914,2009.21405,0.0,1051
236,19.27331,-99.16322,Tlalpan,74.92873,37.02995,130.54445,27,13,5754.543,904.82327,0.0,195
237,19.26517,-99.17179,Tlalpan,65.69688,32.46755,114.46028,24,12,6547.21029,1588.70489,0.0,1095
238,19.36556,-99.08322,Iztapalapa,71.32969,35.2513,124.27404,26,13,1081.3677,2215.30759,0.0,2783
239,19.39812,-99.10607,Iztacalco,67.30097,33.26029,117.255,24,12,777.96863,247.8433,900.0,2279
240,19.40626,-99.10036,Iztacalco,71.29597,35.23463,124.21529,26,13,387.65195,1036.30063,2775.0,703
241,19.35471,-99.08036,Iztapalapa,70.91061,35.04418,123.5439,25,13,572.03048,3224.18323,0.0,2137
242,19.40626,-99.10893,Iztacalco,73.31072,36.23032,127.72548,26,13,484.29375,495.04518,1650.0,1848
243,19.29502,-99.12607,Tlalpan,74.94111,37.03607,130.56603,27,13,4306.12864,1217.01603,0.0,1711
244,19.35199,-99.1175,Iztapalapa,71.12987,35.15254,123.9259,26,13,870.04673,717.83472,425.0,3808
245,19.28688,-99.14893,Tlalpan,71.20531,35.18982,124.05733,26,13,4905.38169,2275.20879,750.0,1327
246,19.26789,-99.17464,Tlalpan,66.23422,32.7331,115.39646,24,12,6243.74811,1391.66865,0.0,793
247,19.40083,-99.12893,Iztacalco,71.14481,35.15992,123.95192,26,13,707.65536,357.54807,650.0,1990
248,19.36827,-99.0375,Iztapalapa,74.83577,36.98401,130.38249,27,13,1876.19888,2410.45406,2300.0,1218
249,19.40897,-99.0575,Iztacalco,71.13493,35.15504,123.93471,26,13,1146.70937,1346.70144,0.0,510
250,19.3954,-99.12893,Iztacalco,67.12176,33.17172,116.94277,24,12,932.58979,264.35108,1350.0,962
251,19.3737,-99.07179,Iztapalapa,68.74875,33.97579,119.7774,25,12,2432.66293,1164.7295,0.0,1417
252,19.3737,-99.02893,Iztapalapa,71.03641,35.10635,123.76307,25,13,1248.14187,2720.20024,0.0,461
253,19.26789,-99.16893,Tlalpan,76.28036,37.69793,132.89933,27,14,6265.42604,1263.15367,0.0,1551
254,19.37099,-99.08036,Iztapalapa,70.36517,34.77462,122.5936,25,13,1741.43633,1552.98467,0.0,2315
255,19.3954,-99.07464,Iztacalco,74.3808,36.75916,129.58982,27,13,1149.97195,860.41981,0.0,2748
256,19.28417,-99.1775,Tlalpan,71.14494,35.15999,123.95216,26,13,4459.02349,251.99099,0.0,2094
257,19.37641,-99.03464,Iztapalapa,70.82256,35.00067,123.3905,25,13,972.07562,2049.8111,1250.0,1765
258,19.27331,-99.1775,Tlalpan,70.78342,34.98133,123.3223,25,13,5655.69031,1105.2901,0.0,825
259,19.34657,-99.08893,Iztapalapa,65.09748,32.17132,113.41598,23,12,1104.61602,2331.06844,0.0,20
260,19.30044,-99.07179,Iztapalapa,70.74651,34.96309,123.258,25,13,942.8261,4258.81909,0.0,1290
261,19.36827,-99.05464,Iztapalapa,66.87205,33.04832,116.50772,24,12,2646.82923,1785.63413,0.0,1805
262,19.36827,-99.04322,Iztapalapa,67.7286,33.47163,118.00004,24,12,2027.84467,2092.24982,2775.0,14
263,19.38726,-99.1175,Iztacalco,72.50031,35.82982,126.31354,26,13,577.39209,606.78354,0.0,764
264,19.29773,-99.18607,Tlalpan,70.69461,34.93744,123.16757,25,13,3207.21112,161.44683,775.0,2052
265,19.3737,-99.04322,Iztapalapa,72.51775,35.83843,126.34393,26,13,1494.22348,1570.84075,1775.0,519
266,19.39812,-99.12036,Iztacalco,64.5478,31.89967,112.4583,23,12,546.24956,376.22963,925.0,1699
267,19.36556,-99.05179,Iztapalapa,70.66709,34.92383,123.11962,25,13,2506.56197,2180.51251,0.0,1194
268,19.34928,-99.0975,Iztapalapa,70.61905,34.90009,123.03592,25,13,851.54281,1400.58254,0.0,310
269,19.24347,-99.14893,Tlalpan,75.30269,37.21476,131.19599,27,13,9320.86578,4465.31213,0.0,121
270,19.35199,-99.09464,Iztapalapa,70.57032,34.87601,122.95103,25,13,657.40468,1709.68928,0.0,659
271,19.35742,-99.10322,Iztapalapa,75.5585,37.34118,131.64168,27,13,249.02306,854.64012,0.0,2346
272,19.38998,-99.08036,Iztapalapa,74.72871,36.9311,130.19597,27,13,1915.17108,310.13021,825.0,765
273,19.23533,-99.16607,Tlalpan,65.24792,32.24567,113.67807,23,12,9877.90347,4873.29157,0.0,471
274,19.37099,-99.02607,Iztapalapa,66.51689,32.8728,115.88895,24,12,981.64389,3129.03553,0.0,663
275,19.37912,-99.0375,Iztapalapa,70.4643,34.82362,122.76632,25,13,693.70152,1646.31452,2175.0,792
276,19.29231,-99.10893,Tlalpan,70.42709,34.80523,122.70149,25,13,3578.48974,677.21677,0.0,1166
277,19.29502,-99.07179,Iztapalapa,72.32569,35.74352,126.00931,26,13,1423.79292,4397.97109,0.0,1145
278,19.29502,-99.12322,Tlalpan,74.52591,36.83087,129.84264,27,13,4156.30716,917.26805,0.0,916
279,19.3737,-99.05464,Iztapalapa,70.37031,34.77717,122.60256,25,13,2131.05516,1245.20386,950.0,1768
280,19.26789,-99.15464,Tlalpan,66.89237,33.05836,116.54311,24,12,6563.80193,1972.96633,0.0,236
281,19.36556,-99.0375,Iztapalapa,70.35724,34.7707,122.57978,25,13,2174.82122,2652.40892,2450.0,777
282,19.37099,-99.0175,Iztapalapa,71.86566,35.51617,125.20783,26,13,261.34697,3844.48928,500.0,1865
283,19.33029,-99.10893,Iztapalapa,70.34247,34.76341,122.55406,25,13,519.99045,498.49115,1050.0,1437
284,19.39269,-99.10322,Iztacalco,69.30538,34.25088,120.74719,25,12,1053.02187,506.10854,450.0,2173
285,19.37641,-99.06607,Iztapalapa,70.29336,34.73914,122.4685,25,13,2567.96381,780.89646,0.0,1342
286,19.38998,-99.08607,Iztapalapa,74.33065,36.73438,129.50246,27,13,1942.1528,213.98338,1000.0,1005
287,19.27603,-99.16893,Tlalpan,78.20611,38.64964,136.25447,28,14,5369.13463,363.39478,0.0,969
288,19.36827,-99.0175,Iztapalapa,70.58765,34.88458,122.98122,25,13,559.02562,4022.77,900.0,899
289,19.34928,-99.09464,Iztapalapa,65.16215,32.20328,113.52864,23,12,953.61261,1700.01326,0.0,166
290,19.32758,-99.07464,Iztapalapa,71.19087,35.18269,124.03217,26,13,1102.05001,4077.34684,0.0,2912
291,19.37641,-99.09179,Iztapalapa,60.84341,30.06895,106.00434,22,11,1707.90678,1666.87569,0.0,2813
292,19.28688,-99.12607,Tlalpan,70.08779,34.63755,122.11034,25,12,5034.66167,1126.28688,0.0,670
293,19.34385,-99.08322,Iztapalapa,70.74208,34.9609,123.25028,25,13,1188.26555,2979.54947,0.0,40
294,19.32758,-99.02322,Iztapalapa,70.05059,34.61916,122.04552,25,12,3611.51056,7058.11605,0.0,1183
295,19.30316,-99.1375,Tlalpan,66.15252,32.69273,115.25413,24,12,4430.56199,2528.24175,225.0,262
296,19.23262,-99.1975,Tlalpan,70.00552,34.59689,121.967,25,12,10440.66623,5963.49888,1850.0,92
297,19.29231,-99.12322,Tlalpan,73.43375,36.29113,127.93983,26,13,4382.62479,978.4474,0.0,1800
298,19.35742,-99.11179,Iztapalapa,72.70664,35.93179,126.67303,26,13,778.43076,99.19962,0.0,2387
299,19.28688,-99.1775,Tlalpan,70.06001,34.62381,122.06193,25,12,4160.15684,333.28893,0.0,1765
300,19.34385,-99.08607,Iztapalapa,64.11775,31.68714,111.70904,23,11,1349.34433,2688.73602,0.0,6
301,19.2706,-99.15464,Tlalpan,66.43358,32.83163,115.7438,24,12,6279.13291,1795.76232,0.0,427
302,19.29773,-99.10893,Tlalpan,64.89448,32.071,113.0623,23,12,3034.06213,598.14808,0.0,775
303,19.37912,-99.07464,Iztapalapa,73.21695,36.18398,127.56211,26,13,2696.14407,622.39324,0.0,2665
304,19.37641,-99.00893,Iztapalapa,68.49747,33.8516,119.3396,25,12,919.00214,4360.66842,0.0,528
305,19.28959,-99.1175,Tlalpan,65.41373,32.32761,113.96696,23,12,4263.41453,527.58891,0.0,724
306,19.40354,-99.10893,Iztacalco,67.20529,33.21301,117.08831,24,12,681.7496,531.27169,0.0,3270
307,19.37099,-99.05464,Iztapalapa,70.02235,34.6052,121.99633,25,12,2407.86469,1509.80494,525.0,1713
308,19.24618,-99.14893,Tlalpan,69.64223,34.41735,121.33406,25,12,9033.41316,4230.13974,0.0,54
309,19.13494,-99.17179,Tlalpan,69.63648,34.4145,121.32404,25,12,20944.52842,15965.58819,975.0,291
310,19.27874,-99.16322,Tlalpan,65.32336,32.28295,113.80951,23,12,5167.47462,618.90026,0.0,370
311,19.27331,-99.17464,Tlalpan,76.59219,37.85203,133.44262,27,14,5643.79476,883.78391,0.0,1004
312,19.33572,-99.08322,Iztapalapa,72.12959,35.64661,125.66766,26,13,1708.59593,3145.37613,0.0,1235
313,19.29231,-99.06893,Iztapalapa,69.71775,34.45467,121.46564,25,12,1595.53281,4777.51064,0.0,1436
314,19.30316,-99.06893,Iztapalapa,62.15301,30.71616,108.28598,22,11,518.83957,4485.18988,0.0,1030
315,19.30044,-99.06893,Iztapalapa,67.31146,33.26547,117.27327,24,12,753.87473,4554.96361,0.0,890
316,19.28688,-99.16036,Tlalpan,72.241,35.70167,125.86177,26,13,4381.82881,1240.54177,0.0,2299
317,19.36285,-99.03464,Iztapalapa,69.53781,34.36574,121.15214,25,12,2179.80949,3070.28454,925.0,1517
318,19.36556,-99.02322,Iztapalapa,69.50803,34.35103,121.10025,25,12,1074.05713,3710.4207,1400.0,942
319,19.30316,-99.08036,Iztapalapa,69.50191,34.348,121.08959,25,12,1622.21155,3319.77613,0.0,972
320,19.33572,-99.08036,Iztapalapa,71.40049,35.28628,124.39738,26,13,1782.27397,3443.80226,0.0,1661
321,19.32758,-99.04036,Iztapalapa,70.13583,34.66128,122.19403,25,13,3110.31088,6502.20453,0.0,1229
322,19.40354,-99.11464,Iztacalco,64.69477,31.9723,112.71435,23,12,561.95764,240.1329,0.0,2784
323,19.30044,-99.11464,Tlalpan,69.40706,34.30113,120.92434,25,12,3113.87694,126.8955,0.0,1076
324,19.32215,-99.04036,Iztapalapa,69.37257,34.28408,120.86425,25,12,2523.83144,7092.85785,0.0,1145
325,19.30858,-99.06036,Iztapalapa,63.44565,31.35498,110.53807,23,11,479.83678,5299.62261,0.0,400
326,19.3737,-99.02036,Iztapalapa,63.16344,31.21551,110.04639,23,11,350.05093,3427.92741,0.0,1370
327,19.36013,-99.12322,Iztapalapa,65.9036,32.56971,114.82043,24,12,262.53525,1305.77323,1125.0,2101
328,19.32215,-99.05464,Iztapalapa,69.34447,34.27019,120.81529,25,12,2036.60558,6007.21721,0.0,785
329,19.39269,-99.07179,Iztacalco,71.12304,35.14917,123.914,26,13,1339.47413,617.75,0.0,2093
330,19.26517,-99.1575,Tlalpan,65.90599,32.57089,114.82461,24,12,6767.11865,1980.1571,0.0,211
331,19.37912,-99.01464,Iztapalapa,65.18292,32.21354,113.56483,23,12,690.825,3693.12696,0.0,1213
332,19.30316,-99.06607,Iztapalapa,61.65533,30.4702,107.41889,22,11,358.60918,4779.21876,0.0,1082
333,19.36827,-99.04607,Iztapalapa,69.4719,34.33317,121.03731,25,12,2162.90774,1982.70511,1275.0,201
334,19.2706,-99.1775,Tlalpan,64.28017,31.76741,111.99202,23,11,5955.06662,1307.4785,0.0,863
335,19.37641,-99.0775,Iztapalapa,68.99973,34.09982,120.21466,25,12,2407.4561,903.29121,0.0,2264
336,19.37099,-99.04036,Iztapalapa,69.14382,34.17103,120.4657,25,12,1642.07582,1989.70217,2450.0,941
337,19.31944,-99.08893,Iztapalapa,69.19459,34.19612,120.55416,25,12,341.04994,2407.92254,0.0,1829
338,19.37912,-99.03179,Iztapalapa,68.81407,34.00807,119.8912,25,12,780.50625,2101.95186,0.0,355
339,19.34928,-99.09179,Iztapalapa,63.47199,31.368,110.58397,23,11,961.30921,1999.61465,0.0,263
340,19.37641,-99.0975,Iztapalapa,69.16729,34.18263,120.50659,25,12,1127.81939,1103.32711,0.0,3561
341,19.32758,-99.06322,Iztapalapa,69.13509,34.16672,120.45049,25,12,1618.82931,5233.0728,1850.0,1178
342,19.37099,-99.02322,Iztapalapa,66.69372,32.96019,116.19702,24,12,696.55143,3368.44713,875.0,977
343,19.29773,-99.16036,Tlalpan,66.16588,32.69933,115.2774,24,12,3270.54756,1835.77637,0.0,2381
344,19.34114,-99.08322,Iztapalapa,64.01568,31.6367,111.53122,23,11,1407.13167,3048.28493,0.0,308
345,19.34928,-99.08322,Iztapalapa,79.79764,39.43618,139.02731,29,14,789.92057,2898.91354,0.0,1169
346,19.34928,-99.10607,Iztapalapa,69.05005,34.12469,120.30233,25,12,384.01024,506.35017,0.0,2818
347,19.23262,-99.16322,Tlalpan,63.90094,31.57999,111.33131,23,11,10205.6136,5199.63578,0.0,467
348,19.32486,-99.05179,Iztapalapa,69.01701,34.10836,120.24477,25,12,2411.88363,6353.7321,0.0,1315
349,19.28959,-99.1375,Tlalpan,65.20836,32.22612,113.60915,23,12,5423.01852,2361.26734,0.0,1215
350,19.38184,-99.04322,Iztapalapa,69.01345,34.1066,120.23857,25,12,873.80117,976.006,3350.0,744
351,19.29502,-99.18036,Tlalpan,69.00987,34.10483,120.23233,25,12,3312.60648,126.32333,0.0,2509
352,19.25975,-99.18036,Tlalpan,63.61805,31.44018,110.83844,23,11,7175.03828,2466.05504,0.0,6
353,19.34114,-99.00322,Iztapalapa,69.00459,34.10222,120.22313,25,12,2281.31395,7062.3515,0.0,1121
354,19.27603,-99.22322,Tlalpan,71.18102,35.17782,124.01502,26,13,7437.84,4709.42251,1225.0,1179
355,19.29502,-99.1575,Tlalpan,66.15539,32.69414,115.25912,24,12,3673.96971,1951.47181,0.0,2577
356,19.26789,-99.17179,Tlalpan,68.98423,34.09216,120.18766,25,12,6247.39761,1294.66189,0.0,1363
357,19.38184,-99.1175,Iztapalapa,68.98389,34.092,120.18707,25,12,894.06738,696.2871,0.0,1610
358,19.32758,-99.10607,Iztapalapa,68.9737,34.08696,120.16931,25,12,175.01354,804.55932,925.0,890
359,19.35471,-99.08322,Iztapalapa,67.2817,33.25077,117.22144,24,12,292.86237,2932.63255,0.0,2444
360,19.35742,-99.08893,Iztapalapa,71.30166,35.23744,124.22521,26,13,379.16261,2281.56278,0.0,1431
361,19.25432,-99.16607,Tlalpan,63.93024,31.59447,111.38235,23,11,7787.23814,2781.03111,0.0,86
362,19.36013,-99.0775,Iztapalapa,72.83993,35.99766,126.90524,26,13,964.60523,2698.05915,0.0,1118
363,19.36013,-99.08607,Iztapalapa,67.74537,33.47992,118.02927,24,12,453.9953,2513.59637,0.0,2016
364,19.37641,-99.02893,Iztapalapa,68.91842,34.05964,120.07301,25,12,1197.03769,2523.41299,0.0,234
365,19.3113,-99.05464,Iztapalapa,65.01872,32.1324,113.27876,23,12,925.30606,5890.03714,0.0,236
366,19.30044,-99.06607,Iztapalapa,61.9486,30.61514,107.92985,22,11,654.01312,4845.86438,0.0,826
367,19.41168,-99.07179,Iztacalco,68.8526,34.02711,119.95833,25,12,400.25687,620.78231,750.0,689
368,19.37641,-99.08036,Iztapalapa,73.37141,36.26032,127.83122,26,13,2318.274,988.55045,0.0,1539
369,19.37912,-99.02607,Iztapalapa,69.52476,34.35929,121.12939,25,12,1144.99017,2602.28041,0.0,215
370,19.37912,-99.06036,Iztapalapa,64.72084,31.98518,112.75977,23,12,1994.03639,467.16328,375.0,1538
371,19.3737,-99.00607,Iztapalapa,68.68381,33.94369,119.66425,25,12,993.71886,4752.35106,0.0,1111
372,19.30316,-99.13179,Tlalpan,68.68162,33.94261,119.66045,25,12,3979.21729,1932.0487,0.0,578
373,19.32486,-99.0375,Iztapalapa,68.67619,33.93993,119.65099,25,12,2894.24442,6856.38665,0.0,1425
374,19.28145,-99.18322,Tlalpan,64.57815,31.91467,112.51118,23,12,4842.28285,854.90436,0.0,476
375,19.35742,-99.09179,Iztapalapa,68.55179,33.87845,119.43424,25,12,180.3527,1987.58771,0.0,2758
376,19.25432,-99.16036,Tlalpan,63.40373,31.33427,110.46504,23,11,7873.51578,2910.83315,0.0,246
377,19.27331,-99.15464,Tlalpan,68.62396,33.91412,119.55998,25,12,5995.95902,1654.3665,0.0,263
378,19.29502,-99.23179,Tlalpan,68.61469,33.90953,119.54383,25,12,6885.69571,4879.98956,700.0,1208
379,19.28959,-99.12607,Tlalpan,72.55767,35.85817,126.41349,26,13,4806.01605,1211.85516,0.0,1216
380,19.35742,-99.08036,Iztapalapa,68.57392,33.88939,119.4728,25,12,572.81394,3024.58011,0.0,1231
381,19.32758,-99.04607,Iztapalapa,69.21613,34.20677,120.5917,25,12,2757.05767,6355.67978,0.0,2065
382,19.13494,-99.17464,Tlalpan,68.51627,33.8609,119.37236,25,12,20943.44012,15973.74716,1100.0,346
383,19.3737,-99.01179,Iztapalapa,59.26628,29.28953,103.25658,21,11,554.26814,4208.46515,0.0,783
384,19.3954,-99.12607,Iztacalco,58.91861,29.11771,102.65086,21,11,946.62663,333.94614,925.0,980
385,19.13766,-99.17179,Tlalpan,68.42301,33.8148,119.20987,25,12,20644.54613,15665.63667,925.0,205
386,19.31401,-99.0575,Iztapalapa,68.41797,33.81231,119.20109,25,12,1092.04233,5597.05852,0.0,270
387,19.37641,-99.01179,Iztapalapa,58.91969,29.11824,102.65273,21,11,650.38893,4082.71947,0.0,805
388,19.29773,-99.11464,Tlalpan,68.3495,33.77848,119.0818,25,12,3350.56078,257.21579,0.0,503
389,19.33843,-98.9975,Iztapalapa,68.30426,33.75612,119.00298,24,12,2431.79641,7705.48977,0.0,1293
390,19.29502,-99.06607,Iztapalapa,67.61188,33.41394,117.79668,24,12,1238.03246,4974.17897,0.0,527
391,19.3737,-99.02322,Iztapalapa,62.60676,30.9404,109.07652,22,11,648.827,3181.80066,0.0,883
392,19.36285,-99.06893,Iztapalapa,68.20588,33.7075,118.83158,24,12,1442.54313,2303.70917,0.0,1382
393,19.36013,-99.06036,Iztapalapa,68.18537,33.69737,118.79586,24,12,1607.22326,2565.36345,1925.0,730
394,19.35199,-99.12036,Iztapalapa,68.18512,33.69724,118.79542,24,12,701.271,1008.98616,625.0,1309
395,19.25975,-99.1775,Tlalpan,59.29082,29.30166,103.29934,21,11,7153.09449,2336.84301,0.0,21
396,19.38726,-99.12036,Iztacalco,68.17336,33.69143,118.77492,24,12,873.53783,873.62642,0.0,1175
397,19.26789,-99.1575,Tlalpan,64.61524,31.933,112.5758,23,12,6477.49251,1753.05115,0.0,439
398,19.28688,-99.06893,Iztapalapa,68.12273,33.66641,118.68672,24,12,2167.37595,4875.87089,0.0,723
399,19.39269,-99.06322,Iztacalco,70.79837,34.98872,123.34835,25,13,780.55202,537.34575,0.0,1818
400,19.35471,-99.0975,Iztapalapa,72.78729,35.97164,126.81353,26,13,427.71293,1468.48252,0.0,2036
401,19.28688,-99.20036,Tlalpan,68.07022,33.64046,118.59523,24,12,4986.20228,2062.54762,0.0,153
402,19.36827,-99.06893,Iztapalapa,68.06674,33.63873,118.58916,24,12,2001.21005,1711.88286,0.0,1198
403,19.26789,-99.16036,Tlalpan,68.0543,33.63259,118.56749,24,12,6404.08641,1560.05787,0.0,844
404,19.30316,-99.12893,Tlalpan,70.33282,34.75864,122.53723,25,13,3769.12664,1634.99697,0.0,495
405,19.31944,-99.05464,Iztapalapa,69.58079,34.38698,121.22702,25,12,1747.81851,5955.51243,0.0,341
406,19.34385,-99.08036,Iztapalapa,62.98896,31.12928,109.74241,23,11,986.42206,3272.02211,0.0,433
407,19.2299,-99.19465,Tlalpan,67.99423,33.6029,118.46283,24,12,10667.19661,6086.91716,1200.0,212
408,19.37641,-99.06322,Iztapalapa,63.89754,31.57831,111.32538,23,11,2417.93428,806.25837,175.0,1209
409,19.36013,-99.08036,Iztapalapa,67.95312,33.58258,118.3912,24,12,713.45129,2727.78667,0.0,1033
410,19.25975,-99.1575,Tlalpan,62.5988,30.93647,109.06266,22,11,7348.86835,2481.26777,0.0,0
411,19.21362,-99.18322,Tlalpan,64.94528,32.0961,113.1508,23,12,12281.99262,7413.17708,475.0,296
412,19.37099,-99.08607,Iztapalapa,60.7292,30.01251,105.80536,22,11,1648.03621,1809.51798,0.0,1430
413,19.32758,-99.04322,Iztapalapa,68.78848,33.99542,119.84661,25,12,2967.85503,6435.20262,0.0,2342
414,19.28959,-99.07464,Iztapalapa,62.7293,31.00096,109.29002,23,11,2094.28877,4232.92251,0.0,224
415,19.28959,-99.16607,Tlalpan,70.16808,34.67722,122.25022,25,13,3931.06413,910.35463,0.0,2174
416,19.37099,-99.08322,Iztapalapa,64.10296,31.67983,111.68328,23,11,1670.67351,1659.23426,0.0,1493
417,19.30858,-99.0575,Iztapalapa,64.90247,32.07495,113.07623,23,12,516.49874,5599.10738,0.0,1079
418,19.39269,-99.11464,Iztacalco,67.80183,33.50782,118.12762,24,12,554.61868,165.86977,0.0,1357
419,19.36285,-99.09179,Iztapalapa,70.30228,34.74355,122.48404,25,13,581.49368,1861.06821,0.0,1822
420,19.3954,-99.06322,Iztacalco,75.4964,37.31049,131.53348,27,13,544.59991,714.66851,0.0,1601
421,19.28959,-99.1775,Tlalpan,67.71069,33.46277,117.96883,24,12,3861.46596,332.60857,0.0,680
422,19.3737,-99.0375,Iztapalapa,73.89638,36.51976,128.74584,27,13,1280.8872,1974.92282,1900.0,1187
423,19.36556,-99.04322,Iztapalapa,68.09945,33.6549,118.64615,24,12,2306.91983,2366.95873,2375.0,17
